{"level": "INFO", "message": "Application starting up", "timestamp": "2026-03-03T20:45:12.253175Z", "logger": "app.main", "module": "main", "function": "lifespan", "line": 33}
{"level": "INFO", "message": "BEGIN (implicit)", "timestamp": "2026-03-03T20:45:12.254185Z", "logger": "sqlalchemy.engine.Engine", "module": "base", "function": "_connection_begin_impl", "line": 2701}
{"level": "INFO", "message": "PRAGMA main.table_info(\"question_set_questions\")", "timestamp": "2026-03-03T20:45:12.254502Z", "logger": "sqlalchemy.engine.Engine", "module": "base", "function": "_execute_context", "line": 1846}
{"level": "INFO", "message": "[raw sql] ()", "timestamp": "2026-03-03T20:45:12.254628Z", "logger": "sqlalchemy.engine.Engine", "module": "base", "function": "_execute_context", "line": 1846}
{"level": "INFO", "message": "PRAGMA temp.table_info(\"question_set_questions\")", "timestamp": "2026-03-03T20:45:12.255212Z", "logger": "sqlalchemy.engine.Engine", "module": "base", "function": "_execute_context", "line": 1846}
{"level": "INFO", "message": "[raw sql] ()", "timestamp": "2026-03-03T20:45:12.255451Z", "logger": "sqlalchemy.engine.Engine", "module": "base", "function": "_execute_context", "line": 1846}
{"level": "INFO", "message": "PRAGMA main.table_info(\"users\")", "timestamp": "2026-03-03T20:45:12.255894Z", "logger": "sqlalchemy.engine.Engine", "module": "base", "function": "_execute_context", "line": 1846}
{"level": "INFO", "message": "[raw sql] ()", "timestamp": "2026-03-03T20:45:12.256019Z", "logger": "sqlalchemy.engine.Engine", "module": "base", "function": "_execute_context", "line": 1846}
{"level": "INFO", "message": "PRAGMA temp.table_info(\"users\")", "timestamp": "2026-03-03T20:45:12.256179Z", "logger": "sqlalchemy.engine.Engine", "module": "base", "function": "_execute_context", "line": 1846}
{"level": "INFO", "message": "[raw sql] ()", "timestamp": "2026-03-03T20:45:12.256290Z", "logger": "sqlalchemy.engine.Engine", "module": "base", "function": "_execute_context", "line": 1846}
{"level": "INFO", "message": "PRAGMA main.table_info(\"subscriptions\")", "timestamp": "2026-03-03T20:45:12.256436Z", "logger": "sqlalchemy.engine.Engine", "module": "base", "function": "_execute_context", "line": 1846}
{"level": "INFO", "message": "[raw sql] ()", "timestamp": "2026-03-03T20:45:12.256530Z", "logger": "sqlalchemy.engine.Engine", "module": "base", "function": "_execute_context", "line": 1846}
{"level": "INFO", "message": "PRAGMA temp.table_info(\"subscriptions\")", "timestamp": "2026-03-03T20:45:12.256673Z", "logger": "sqlalchemy.engine.Engine", "module": "base", "function": "_execute_context", "line": 1846}
{"level": "INFO", "message": "[raw sql] ()", "timestamp": "2026-03-03T20:45:12.256768Z", "logger": "sqlalchemy.engine.Engine", "module": "base", "function": "_execute_context", "line": 1846}
{"level": "INFO", "message": "PRAGMA main.table_info(\"flashcards\")", "timestamp": "2026-03-03T20:45:12.256887Z", "logger": "sqlalchemy.engine.Engine", "module": "base", "function": "_execute_context", "line": 1846}
{"level": "INFO", "message": "[raw sql] ()", "timestamp": "2026-03-03T20:45:12.256982Z", "logger": "sqlalchemy.engine.Engine", "module": "base", "function": "_execute_context", "line": 1846}
{"level": "INFO", "message": "PRAGMA temp.table_info(\"flashcards\")", "timestamp": "2026-03-03T20:45:12.257099Z", "logger": "sqlalchemy.engine.Engine", "module": "base", "function": "_execute_context", "line": 1846}
{"level": "INFO", "message": "[raw sql] ()", "timestamp": "2026-03-03T20:45:12.257194Z", "logger": "sqlalchemy.engine.Engine", "module": "base", "function": "_execute_context", "line": 1846}
{"level": "INFO", "message": "PRAGMA main.table_info(\"questions\")", "timestamp": "2026-03-03T20:45:12.257324Z", "logger": "sqlalchemy.engine.Engine", "module": "base", "function": "_execute_context", "line": 1846}
{"level": "INFO", "message": "[raw sql] ()", "timestamp": "2026-03-03T20:45:12.257414Z", "logger": "sqlalchemy.engine.Engine", "module": "base", "function": "_execute_context", "line": 1846}
{"level": "INFO", "message": "PRAGMA temp.table_info(\"questions\")", "timestamp": "2026-03-03T20:45:12.257535Z", "logger": "sqlalchemy.engine.Engine", "module": "base", "function": "_execute_context", "line": 1846}
{"level": "INFO", "message": "[raw sql] ()", "timestamp": "2026-03-03T20:45:12.257652Z", "logger": "sqlalchemy.engine.Engine", "module": "base", "function": "_execute_context", "line": 1846}
{"level": "INFO", "message": "PRAGMA main.table_info(\"question_sets\")", "timestamp": "2026-03-03T20:45:12.257813Z", "logger": "sqlalchemy.engine.Engine", "module": "base", "function": "_execute_context", "line": 1846}
{"level": "INFO", "message": "[raw sql] ()", "timestamp": "2026-03-03T20:45:12.257902Z", "logger": "sqlalchemy.engine.Engine", "module": "base", "function": "_execute_context", "line": 1846}
{"level": "INFO", "message": "PRAGMA temp.table_info(\"question_sets\")", "timestamp": "2026-03-03T20:45:12.258145Z", "logger": "sqlalchemy.engine.Engine", "module": "base", "function": "_execute_context", "line": 1846}
{"level": "INFO", "message": "[raw sql] ()", "timestamp": "2026-03-03T20:45:12.258238Z", "logger": "sqlalchemy.engine.Engine", "module": "base", "function": "_execute_context", "line": 1846}
{"level": "INFO", "message": "PRAGMA main.table_info(\"user_question_stats\")", "timestamp": "2026-03-03T20:45:12.258359Z", "logger": "sqlalchemy.engine.Engine", "module": "base", "function": "_execute_context", "line": 1846}
{"level": "INFO", "message": "[raw sql] ()", "timestamp": "2026-03-03T20:45:12.258441Z", "logger": "sqlalchemy.engine.Engine", "module": "base", "function": "_execute_context", "line": 1846}
{"level": "INFO", "message": "PRAGMA temp.table_info(\"user_question_stats\")", "timestamp": "2026-03-03T20:45:12.258554Z", "logger": "sqlalchemy.engine.Engine", "module": "base", "function": "_execute_context", "line": 1846}
{"level": "INFO", "message": "[raw sql] ()", "timestamp": "2026-03-03T20:45:12.258636Z", "logger": "sqlalchemy.engine.Engine", "module": "base", "function": "_execute_context", "line": 1846}
{"level": "INFO", "message": "PRAGMA main.table_info(\"leaderboard_dummies\")", "timestamp": "2026-03-03T20:45:12.258756Z", "logger": "sqlalchemy.engine.Engine", "module": "base", "function": "_execute_context", "line": 1846}
{"level": "INFO", "message": "[raw sql] ()", "timestamp": "2026-03-03T20:45:12.258842Z", "logger": "sqlalchemy.engine.Engine", "module": "base", "function": "_execute_context", "line": 1846}
{"level": "INFO", "message": "PRAGMA temp.table_info(\"leaderboard_dummies\")", "timestamp": "2026-03-03T20:45:12.258973Z", "logger": "sqlalchemy.engine.Engine", "module": "base", "function": "_execute_context", "line": 1846}
{"level": "INFO", "message": "[raw sql] ()", "timestamp": "2026-03-03T20:45:12.259061Z", "logger": "sqlalchemy.engine.Engine", "module": "base", "function": "_execute_context", "line": 1846}
{"level": "INFO", "message": "PRAGMA main.table_info(\"daily_challenges\")", "timestamp": "2026-03-03T20:45:12.259222Z", "logger": "sqlalchemy.engine.Engine", "module": "base", "function": "_execute_context", "line": 1846}
{"level": "INFO", "message": "[raw sql] ()", "timestamp": "2026-03-03T20:45:12.259305Z", "logger": "sqlalchemy.engine.Engine", "module": "base", "function": "_execute_context", "line": 1846}
{"level": "INFO", "message": "PRAGMA temp.table_info(\"daily_challenges\")", "timestamp": "2026-03-03T20:45:12.259437Z", "logger": "sqlalchemy.engine.Engine", "module": "base", "function": "_execute_context", "line": 1846}
{"level": "INFO", "message": "[raw sql] ()", "timestamp": "2026-03-03T20:45:12.259534Z", "logger": "sqlalchemy.engine.Engine", "module": "base", "function": "_execute_context", "line": 1846}
{"level": "INFO", "message": "PRAGMA main.table_info(\"user_challenge_progress\")", "timestamp": "2026-03-03T20:45:12.259665Z", "logger": "sqlalchemy.engine.Engine", "module": "base", "function": "_execute_context", "line": 1846}
{"level": "INFO", "message": "[raw sql] ()", "timestamp": "2026-03-03T20:45:12.259761Z", "logger": "sqlalchemy.engine.Engine", "module": "base", "function": "_execute_context", "line": 1846}
{"level": "INFO", "message": "PRAGMA temp.table_info(\"user_challenge_progress\")", "timestamp": "2026-03-03T20:45:12.259884Z", "logger": "sqlalchemy.engine.Engine", "module": "base", "function": "_execute_context", "line": 1846}
{"level": "INFO", "message": "[raw sql] ()", "timestamp": "2026-03-03T20:45:12.259966Z", "logger": "sqlalchemy.engine.Engine", "module": "base", "function": "_execute_context", "line": 1846}
{"level": "INFO", "message": "\nCREATE TABLE users (\n\tid INTEGER NOT NULL, \n\temail VARCHAR NOT NULL, \n\tusername VARCHAR NOT NULL, \n\thashed_password VARCHAR NOT NULL, \n\tfull_name VARCHAR, \n\trole VARCHAR(5) NOT NULL, \n\tis_active BOOLEAN, \n\tis_verified BOOLEAN, \n\tsubscription_type VARCHAR(7), \n\ttotal_xp INTEGER NOT NULL, \n\tchallenge_streak INTEGER NOT NULL, \n\tlongest_challenge_streak INTEGER NOT NULL, \n\tcreated_at DATETIME, \n\tupdated_at DATETIME, \n\tlast_login DATETIME, \n\tPRIMARY KEY (id)\n)\n\n", "timestamp": "2026-03-03T20:45:12.260871Z", "logger": "sqlalchemy.engine.Engine", "module": "base", "function": "_execute_context", "line": 1846}
{"level": "INFO", "message": "[no key 0.00024s] ()", "timestamp": "2026-03-03T20:45:12.261102Z", "logger": "sqlalchemy.engine.Engine", "module": "base", "function": "_execute_context", "line": 1846}
{"level": "INFO", "message": "CREATE UNIQUE INDEX ix_users_username ON users (username)", "timestamp": "2026-03-03T20:45:12.278199Z", "logger": "sqlalchemy.engine.Engine", "module": "base", "function": "_execute_context", "line": 1846}
{"level": "INFO", "message": "[no key 0.00043s] ()", "timestamp": "2026-03-03T20:45:12.278584Z", "logger": "sqlalchemy.engine.Engine", "module": "base", "function": "_execute_context", "line": 1846}
{"level": "INFO", "message": "CREATE UNIQUE INDEX ix_users_email ON users (email)", "timestamp": "2026-03-03T20:45:12.284439Z", "logger": "sqlalchemy.engine.Engine", "module": "base", "function": "_execute_context", "line": 1846}
{"level": "INFO", "message": "[no key 0.00033s] ()", "timestamp": "2026-03-03T20:45:12.284738Z", "logger": "sqlalchemy.engine.Engine", "module": "base", "function": "_execute_context", "line": 1846}
{"level": "INFO", "message": "CREATE INDEX ix_users_id ON users (id)", "timestamp": "2026-03-03T20:45:12.289916Z", "logger": "sqlalchemy.engine.Engine", "module": "base", "function": "_execute_context", "line": 1846}
{"level": "INFO", "message": "[no key 0.00026s] ()", "timestamp": "2026-03-03T20:45:12.290155Z", "logger": "sqlalchemy.engine.Engine", "module": "base", "function": "_execute_context", "line": 1846}
{"level": "INFO", "message": "\nCREATE TABLE leaderboard_dummies (\n\tid INTEGER NOT NULL, \n\tdisplay_name VARCHAR(100) NOT NULL, \n\tsolved_count INTEGER NOT NULL, \n\tperiod VARCHAR(20) NOT NULL, \n\tcreated_at DATETIME, \n\tupdated_at DATETIME, \n\tPRIMARY KEY (id)\n)\n\n", "timestamp": "2026-03-03T20:45:12.295184Z", "logger": "sqlalchemy.engine.Engine", "module": "base", "function": "_execute_context", "line": 1846}
{"level": "INFO", "message": "[no key 0.00029s] ()", "timestamp": "2026-03-03T20:45:12.295452Z", "logger": "sqlalchemy.engine.Engine", "module": "base", "function": "_execute_context", "line": 1846}
{"level": "INFO", "message": "CREATE INDEX ix_leaderboard_dummies_id ON leaderboard_dummies (id)", "timestamp": "2026-03-03T20:45:12.301012Z", "logger": "sqlalchemy.engine.Engine", "module": "base", "function": "_execute_context", "line": 1846}
{"level": "INFO", "message": "[no key 0.00038s] ()", "timestamp": "2026-03-03T20:45:12.301370Z", "logger": "sqlalchemy.engine.Engine", "module": "base", "function": "_execute_context", "line": 1846}
{"level": "INFO", "message": "\nCREATE TABLE daily_challenges (\n\tid INTEGER NOT NULL, \n\tchallenge_date DATETIME NOT NULL, \n\tquestion_ids JSON, \n\tcreated_at DATETIME, \n\tPRIMARY KEY (id)\n)\n\n", "timestamp": "2026-03-03T20:45:12.306462Z", "logger": "sqlalchemy.engine.Engine", "module": "base", "function": "_execute_context", "line": 1846}
{"level": "INFO", "message": "[no key 0.00024s] ()", "timestamp": "2026-03-03T20:45:12.306686Z", "logger": "sqlalchemy.engine.Engine", "module": "base", "function": "_execute_context", "line": 1846}
{"level": "INFO", "message": "CREATE UNIQUE INDEX ix_daily_challenges_challenge_date ON daily_challenges (challenge_date)", "timestamp": "2026-03-03T20:45:12.311258Z", "logger": "sqlalchemy.engine.Engine", "module": "base", "function": "_execute_context", "line": 1846}
{"level": "INFO", "message": "[no key 0.00024s] ()", "timestamp": "2026-03-03T20:45:12.311479Z", "logger": "sqlalchemy.engine.Engine", "module": "base", "function": "_execute_context", "line": 1846}
{"level": "INFO", "message": "CREATE INDEX ix_daily_challenges_id ON daily_challenges (id)", "timestamp": "2026-03-03T20:45:12.315407Z", "logger": "sqlalchemy.engine.Engine", "module": "base", "function": "_execute_context", "line": 1846}
{"level": "INFO", "message": "[no key 0.00022s] ()", "timestamp": "2026-03-03T20:45:12.315607Z", "logger": "sqlalchemy.engine.Engine", "module": "base", "function": "_execute_context", "line": 1846}
{"level": "INFO", "message": "\nCREATE TABLE subscriptions (\n\tid INTEGER NOT NULL, \n\tuser_id INTEGER NOT NULL, \n\t\"plan\" VARCHAR(7) NOT NULL, \n\tstatus VARCHAR(9), \n\tstart_date DATETIME, \n\tend_date DATETIME NOT NULL, \n\tauto_renew BOOLEAN, \n\tpayment_method VARCHAR, \n\ttransaction_id VARCHAR, \n\tcreated_at DATETIME, \n\tupdated_at DATETIME, \n\tcancelled_at DATETIME, \n\tPRIMARY KEY (id), \n\tUNIQUE (user_id), \n\tFOREIGN KEY(user_id) REFERENCES users (id)\n)\n\n", "timestamp": "2026-03-03T20:45:12.320591Z", "logger": "sqlalchemy.engine.Engine", "module": "base", "function": "_execute_context", "line": 1846}
{"level": "INFO", "message": "[no key 0.00026s] ()", "timestamp": "2026-03-03T20:45:12.320829Z", "logger": "sqlalchemy.engine.Engine", "module": "base", "function": "_execute_context", "line": 1846}
{"level": "INFO", "message": "CREATE INDEX ix_subscriptions_id ON subscriptions (id)", "timestamp": "2026-03-03T20:45:12.324866Z", "logger": "sqlalchemy.engine.Engine", "module": "base", "function": "_execute_context", "line": 1846}
{"level": "INFO", "message": "[no key 0.00021s] ()", "timestamp": "2026-03-03T20:45:12.325063Z", "logger": "sqlalchemy.engine.Engine", "module": "base", "function": "_execute_context", "line": 1846}
{"level": "INFO", "message": "\nCREATE TABLE flashcards (\n\tid INTEGER NOT NULL, \n\tword_front VARCHAR(200) NOT NULL, \n\tword_back VARCHAR(200) NOT NULL, \n\texample_sentences JSON, \n\tcreated_by INTEGER, \n\tcreated_at DATETIME, \n\tupdated_at DATETIME, \n\tPRIMARY KEY (id), \n\tFOREIGN KEY(created_by) REFERENCES users (id)\n)\n\n", "timestamp": "2026-03-03T20:45:12.329040Z", "logger": "sqlalchemy.engine.Engine", "module": "base", "function": "_execute_context", "line": 1846}
{"level": "INFO", "message": "[no key 0.00022s] ()", "timestamp": "2026-03-03T20:45:12.329242Z", "logger": "sqlalchemy.engine.Engine", "module": "base", "function": "_execute_context", "line": 1846}
{"level": "INFO", "message": "CREATE INDEX ix_flashcards_id ON flashcards (id)", "timestamp": "2026-03-03T20:45:12.334173Z", "logger": "sqlalchemy.engine.Engine", "module": "base", "function": "_execute_context", "line": 1846}
{"level": "INFO", "message": "[no key 0.00027s] ()", "timestamp": "2026-03-03T20:45:12.334417Z", "logger": "sqlalchemy.engine.Engine", "module": "base", "function": "_execute_context", "line": 1846}
{"level": "INFO", "message": "\nCREATE TABLE questions (\n\tid INTEGER NOT NULL, \n\tprompt VARCHAR(500) NOT NULL, \n\tchoices JSON, \n\tanswer_index INTEGER NOT NULL, \n\tdifficulty_level INTEGER NOT NULL, \n\tcreated_by INTEGER, \n\tcreated_at DATETIME, \n\tupdated_at DATETIME, \n\tPRIMARY KEY (id), \n\tFOREIGN KEY(created_by) REFERENCES users (id)\n)\n\n", "timestamp": "2026-03-03T20:45:12.339643Z", "logger": "sqlalchemy.engine.Engine", "module": "base", "function": "_execute_context", "line": 1846}
{"level": "INFO", "message": "[no key 0.00027s] ()", "timestamp": "2026-03-03T20:45:12.339885Z", "logger": "sqlalchemy.engine.Engine", "module": "base", "function": "_execute_context", "line": 1846}
{"level": "INFO", "message": "CREATE INDEX ix_questions_id ON questions (id)", "timestamp": "2026-03-03T20:45:12.344407Z", "logger": "sqlalchemy.engine.Engine", "module": "base", "function": "_execute_context", "line": 1846}
{"level": "INFO", "message": "[no key 0.00025s] ()", "timestamp": "2026-03-03T20:45:12.344633Z", "logger": "sqlalchemy.engine.Engine", "module": "base", "function": "_execute_context", "line": 1846}
{"level": "INFO", "message": "\nCREATE TABLE question_sets (\n\tid INTEGER NOT NULL, \n\tname VARCHAR(200) NOT NULL, \n\tdescription VARCHAR(1000), \n\tset_type VARCHAR(7) NOT NULL, \n\tcreated_by INTEGER, \n\tcreated_at DATETIME, \n\tupdated_at DATETIME, \n\tPRIMARY KEY (id), \n\tFOREIGN KEY(created_by) REFERENCES users (id)\n)\n\n", "timestamp": "2026-03-03T20:45:12.350199Z", "logger": "sqlalchemy.engine.Engine", "module": "base", "function": "_execute_context", "line": 1846}
{"level": "INFO", "message": "[no key 0.00027s] ()", "timestamp": "2026-03-03T20:45:12.350448Z", "logger": "sqlalchemy.engine.Engine", "module": "base", "function": "_execute_context", "line": 1846}
{"level": "INFO", "message": "CREATE INDEX ix_question_sets_id ON question_sets (id)", "timestamp": "2026-03-03T20:45:12.354683Z", "logger": "sqlalchemy.engine.Engine", "module": "base", "function": "_execute_context", "line": 1846}
{"level": "INFO", "message": "[no key 0.00025s] ()", "timestamp": "2026-03-03T20:45:12.354913Z", "logger": "sqlalchemy.engine.Engine", "module": "base", "function": "_execute_context", "line": 1846}
{"level": "INFO", "message": "\nCREATE TABLE user_challenge_progress (\n\tid INTEGER NOT NULL, \n\tuser_id INTEGER NOT NULL, \n\tchallenge_id INTEGER NOT NULL, \n\tcompleted_questions JSON, \n\tis_completed BOOLEAN, \n\txp_awarded BOOLEAN, \n\tcompleted_at DATETIME, \n\tcreated_at DATETIME, \n\tupdated_at DATETIME, \n\tPRIMARY KEY (id), \n\tCONSTRAINT uq_user_challenge UNIQUE (user_id, challenge_id), \n\tFOREIGN KEY(user_id) REFERENCES users (id), \n\tFOREIGN KEY(challenge_id) REFERENCES daily_challenges (id)\n)\n\n", "timestamp": "2026-03-03T20:45:12.361385Z", "logger": "sqlalchemy.engine.Engine", "module": "base", "function": "_execute_context", "line": 1846}
{"level": "INFO", "message": "[no key 0.00038s] ()", "timestamp": "2026-03-03T20:45:12.361756Z", "logger": "sqlalchemy.engine.Engine", "module": "base", "function": "_execute_context", "line": 1846}
{"level": "INFO", "message": "CREATE INDEX ix_user_challenge_progress_id ON user_challenge_progress (id)", "timestamp": "2026-03-03T20:45:12.368859Z", "logger": "sqlalchemy.engine.Engine", "module": "base", "function": "_execute_context", "line": 1846}
{"level": "INFO", "message": "[no key 0.00035s] ()", "timestamp": "2026-03-03T20:45:12.369157Z", "logger": "sqlalchemy.engine.Engine", "module": "base", "function": "_execute_context", "line": 1846}
{"level": "INFO", "message": "CREATE INDEX ix_user_challenge_progress_user_id ON user_challenge_progress (user_id)", "timestamp": "2026-03-03T20:45:12.373804Z", "logger": "sqlalchemy.engine.Engine", "module": "base", "function": "_execute_context", "line": 1846}
{"level": "INFO", "message": "[no key 0.00029s] ()", "timestamp": "2026-03-03T20:45:12.374074Z", "logger": "sqlalchemy.engine.Engine", "module": "base", "function": "_execute_context", "line": 1846}
{"level": "INFO", "message": "CREATE INDEX ix_user_challenge_progress_challenge_id ON user_challenge_progress (challenge_id)", "timestamp": "2026-03-03T20:45:12.379673Z", "logger": "sqlalchemy.engine.Engine", "module": "base", "function": "_execute_context", "line": 1846}
{"level": "INFO", "message": "[no key 0.00028s] ()", "timestamp": "2026-03-03T20:45:12.379932Z", "logger": "sqlalchemy.engine.Engine", "module": "base", "function": "_execute_context", "line": 1846}
{"level": "INFO", "message": "\nCREATE TABLE question_set_questions (\n\tquestion_id INTEGER NOT NULL, \n\tset_id INTEGER NOT NULL, \n\tPRIMARY KEY (question_id, set_id), \n\tFOREIGN KEY(question_id) REFERENCES questions (id), \n\tFOREIGN KEY(set_id) REFERENCES question_sets (id)\n)\n\n", "timestamp": "2026-03-03T20:45:12.384632Z", "logger": "sqlalchemy.engine.Engine", "module": "base", "function": "_execute_context", "line": 1846}
{"level": "INFO", "message": "[no key 0.00029s] ()", "timestamp": "2026-03-03T20:45:12.384907Z", "logger": "sqlalchemy.engine.Engine", "module": "base", "function": "_execute_context", "line": 1846}
{"level": "INFO", "message": "\nCREATE TABLE user_question_stats (\n\tid INTEGER NOT NULL, \n\tuser_id INTEGER NOT NULL, \n\tquestion_id INTEGER NOT NULL, \n\ttotal_attempts INTEGER NOT NULL, \n\tcorrect_attempts INTEGER NOT NULL, \n\tlast_seen_at DATETIME, \n\tlast_result BOOLEAN, \n\tnext_review_at DATETIME, \n\tstreak INTEGER NOT NULL, \n\tcreated_at DATETIME, \n\tupdated_at DATETIME, \n\tPRIMARY KEY (id), \n\tCONSTRAINT uq_user_question UNIQUE (user_id, question_id), \n\tFOREIGN KEY(user_id) REFERENCES users (id), \n\tFOREIGN KEY(question_id) REFERENCES questions (id)\n)\n\n", "timestamp": "2026-03-03T20:45:12.391511Z", "logger": "sqlalchemy.engine.Engine", "module": "base", "function": "_execute_context", "line": 1846}
{"level": "INFO", "message": "[no key 0.00069s] ()", "timestamp": "2026-03-03T20:45:12.392178Z", "logger": "sqlalchemy.engine.Engine", "module": "base", "function": "_execute_context", "line": 1846}
{"level": "INFO", "message": "CREATE INDEX ix_user_question_stats_question_id ON user_question_stats (question_id)", "timestamp": "2026-03-03T20:45:12.399791Z", "logger": "sqlalchemy.engine.Engine", "module": "base", "function": "_execute_context", "line": 1846}
{"level": "INFO", "message": "[no key 0.00031s] ()", "timestamp": "2026-03-03T20:45:12.400087Z", "logger": "sqlalchemy.engine.Engine", "module": "base", "function": "_execute_context", "line": 1846}
{"level": "INFO", "message": "CREATE INDEX ix_user_question_stats_id ON user_question_stats (id)", "timestamp": "2026-03-03T20:45:12.406829Z", "logger": "sqlalchemy.engine.Engine", "module": "base", "function": "_execute_context", "line": 1846}
{"level": "INFO", "message": "[no key 0.00027s] ()", "timestamp": "2026-03-03T20:45:12.407060Z", "logger": "sqlalchemy.engine.Engine", "module": "base", "function": "_execute_context", "line": 1846}
{"level": "INFO", "message": "CREATE INDEX ix_user_question_stats_next_review_at ON user_question_stats (next_review_at)", "timestamp": "2026-03-03T20:45:12.412581Z", "logger": "sqlalchemy.engine.Engine", "module": "base", "function": "_execute_context", "line": 1846}
{"level": "INFO", "message": "[no key 0.00031s] ()", "timestamp": "2026-03-03T20:45:12.412855Z", "logger": "sqlalchemy.engine.Engine", "module": "base", "function": "_execute_context", "line": 1846}
{"level": "INFO", "message": "CREATE INDEX ix_user_question_stats_user_id ON user_question_stats (user_id)", "timestamp": "2026-03-03T20:45:12.420454Z", "logger": "sqlalchemy.engine.Engine", "module": "base", "function": "_execute_context", "line": 1846}
{"level": "INFO", "message": "[no key 0.00030s] ()", "timestamp": "2026-03-03T20:45:12.420718Z", "logger": "sqlalchemy.engine.Engine", "module": "base", "function": "_execute_context", "line": 1846}
{"level": "INFO", "message": "COMMIT", "timestamp": "2026-03-03T20:45:12.426448Z", "logger": "sqlalchemy.engine.Engine", "module": "base", "function": "_connection_commit_impl", "line": 2707}
{"level": "INFO", "message": "Database tables created", "timestamp": "2026-03-03T20:45:12.426853Z", "logger": "app.main", "module": "main", "function": "lifespan", "line": 37}
{"level": "INFO", "message": "BEGIN (implicit)", "timestamp": "2026-03-03T20:45:12.441730Z", "logger": "sqlalchemy.engine.Engine", "module": "base", "function": "_connection_begin_impl", "line": 2701}
{"level": "INFO", "message": "SELECT users.id AS users_id, users.email AS users_email, users.username AS users_username, users.hashed_password AS users_hashed_password, users.full_name AS users_full_name, users.role AS users_role, users.is_active AS users_is_active, users.is_verified AS users_is_verified, users.subscription_type AS users_subscription_type, users.total_xp AS users_total_xp, users.challenge_streak AS users_challenge_streak, users.longest_challenge_streak AS users_longest_challenge_streak, users.created_at AS users_created_at, users.updated_at AS users_updated_at, users.last_login AS users_last_login \nFROM users \nWHERE users.email = ?\n LIMIT ? OFFSET ?", "timestamp": "2026-03-03T20:45:12.444420Z", "logger": "sqlalchemy.engine.Engine", "module": "base", "function": "_execute_context", "line": 1846}
{"level": "INFO", "message": "[generated in 0.00046s] ('admin@example.com', 1, 0)", "timestamp": "2026-03-03T20:45:12.444776Z", "logger": "sqlalchemy.engine.Engine", "module": "base", "function": "_execute_context", "line": 1846}
{"level": "INFO", "message": "INSERT INTO users (email, username, hashed_password, full_name, role, is_active, is_verified, subscription_type, total_xp, challenge_streak, longest_challenge_streak, created_at, updated_at, last_login) VALUES (?, ?, ?, ?, ?, ?, ?, ?, ?, ?, ?, ?, ?, ?)", "timestamp": "2026-03-03T20:45:12.665647Z", "logger": "sqlalchemy.engine.Engine", "module": "base", "function": "_execute_context", "line": 1846}
{"level": "INFO", "message": "[generated in 0.00045s] ('admin@example.com', 'admin', '$2b$12$zpdihKGeR/BdJZsIOq4AaO9KbEXgPzyDgv8Dck3n1XC7ZHldBHxzS', 'Development Admin', 'ADMIN', 1, 1, 'PREMIUM', 0, 0, 0, '2026-03-03 20:45:12.665558', '2026-03-03 20:45:12.665563', None)", "timestamp": "2026-03-03T20:45:12.665933Z", "logger": "sqlalchemy.engine.Engine", "module": "base", "function": "_execute_context", "line": 1846}
{"level": "INFO", "message": "COMMIT", "timestamp": "2026-03-03T20:45:12.666640Z", "logger": "sqlalchemy.engine.Engine", "module": "base", "function": "_connection_commit_impl", "line": 2707}
{"level": "INFO", "message": "BEGIN (implicit)", "timestamp": "2026-03-03T20:45:12.671664Z", "logger": "sqlalchemy.engine.Engine", "module": "base", "function": "_connection_begin_impl", "line": 2701}
{"level": "INFO", "message": "SELECT users.id, users.email, users.username, users.hashed_password, users.full_name, users.role, users.is_active, users.is_verified, users.subscription_type, users.total_xp, users.challenge_streak, users.longest_challenge_streak, users.created_at, users.updated_at, users.last_login \nFROM users \nWHERE users.id = ?", "timestamp": "2026-03-03T20:45:12.672626Z", "logger": "sqlalchemy.engine.Engine", "module": "base", "function": "_execute_context", "line": 1846}
{"level": "INFO", "message": "[generated in 0.00024s] (1,)", "timestamp": "2026-03-03T20:45:12.672803Z", "logger": "sqlalchemy.engine.Engine", "module": "base", "function": "_execute_context", "line": 1846}
{"level": "INFO", "message": "Admin user created", "timestamp": "2026-03-03T20:45:12.673254Z", "logger": "app.main", "module": "main", "function": "lifespan", "line": 57, "user_id": 1}
{"level": "INFO", "message": "SELECT count(*) AS count_1 \nFROM (SELECT users.id AS users_id, users.email AS users_email, users.username AS users_username, users.hashed_password AS users_hashed_password, users.full_name AS users_full_name, users.role AS users_role, users.is_active AS users_is_active, users.is_verified AS users_is_verified, users.subscription_type AS users_subscription_type, users.total_xp AS users_total_xp, users.challenge_streak AS users_challenge_streak, users.longest_challenge_streak AS users_longest_challenge_streak, users.created_at AS users_created_at, users.updated_at AS users_updated_at, users.last_login AS users_last_login \nFROM users) AS anon_1", "timestamp": "2026-03-03T20:45:12.675336Z", "logger": "sqlalchemy.engine.Engine", "module": "base", "function": "_execute_context", "line": 1846}
{"level": "INFO", "message": "[generated in 0.00025s] ()", "timestamp": "2026-03-03T20:45:12.675537Z", "logger": "sqlalchemy.engine.Engine", "module": "base", "function": "_execute_context", "line": 1846}
{"level": "INFO", "message": "INSERT INTO users (email, username, hashed_password, full_name, role, is_active, is_verified, subscription_type, total_xp, challenge_streak, longest_challenge_streak, created_at, updated_at, last_login) VALUES (?, ?, ?, ?, ?, ?, ?, ?, ?, ?, ?, ?, ?, ?) RETURNING id", "timestamp": "2026-03-03T20:45:17.740888Z", "logger": "sqlalchemy.engine.Engine", "module": "base", "function": "_execute_context", "line": 1844}
{"level": "INFO", "message": "[generated in 0.00022s (insertmanyvalues) 1/9 (ordered; batch not supported)] ('user1@example.com', 'user1', '$2b$12$Xl9H.f/cKSwUnlV9ixpH7.OwLwkvD7yRuXZI.6ZgukgeLNq6r4/IO', 'Alex Johnson', 'USER', 1, 1, 'FREE', 120, 2, 5, '2026-03-03 20:45:17.740748', '2026-03-03 20:45:17.740751', None)", "timestamp": "2026-03-03T20:45:17.741129Z", "logger": "sqlalchemy.engine.Engine", "module": "base", "function": "_execute_context", "line": 1844}
{"level": "INFO", "message": "INSERT INTO users (email, username, hashed_password, full_name, role, is_active, is_verified, subscription_type, total_xp, challenge_streak, longest_challenge_streak, created_at, updated_at, last_login) VALUES (?, ?, ?, ?, ?, ?, ?, ?, ?, ?, ?, ?, ?, ?) RETURNING id", "timestamp": "2026-03-03T20:45:17.741544Z", "logger": "sqlalchemy.engine.Engine", "module": "base", "function": "_execute_context", "line": 1844}
{"level": "INFO", "message": "[insertmanyvalues 2/9 (ordered; batch not supported)] ('user2@example.com', 'user2', '$2b$12$BdyYheI6wTsnuFHoEaJYHOzbHS9huP3UWaKLeNuqEAShtl/eLT89G', 'Jamie Lee', 'USER', 1, 0, 'FREE', 220, 3, 4, '2026-03-03 20:45:17.740752', '2026-03-03 20:45:17.740753', None)", "timestamp": "2026-03-03T20:45:17.741671Z", "logger": "sqlalchemy.engine.Engine", "module": "base", "function": "_execute_context", "line": 1844}
{"level": "INFO", "message": "INSERT INTO users (email, username, hashed_password, full_name, role, is_active, is_verified, subscription_type, total_xp, challenge_streak, longest_challenge_streak, created_at, updated_at, last_login) VALUES (?, ?, ?, ?, ?, ?, ?, ?, ?, ?, ?, ?, ?, ?) RETURNING id", "timestamp": "2026-03-03T20:45:17.741825Z", "logger": "sqlalchemy.engine.Engine", "module": "base", "function": "_execute_context", "line": 1844}
{"level": "INFO", "message": "[insertmanyvalues 3/9 (ordered; batch not supported)] ('user3@example.com', 'user3', '$2b$12$v1Lm7VXSOLlI9miu2b09cOdDbrIjWMiVuCSvuNAL13E1nuNzVI0rK', 'Morgan Smith', 'USER', 1, 1, 'PREMIUM', 410, 1, 3, '2026-03-03 20:45:17.740754', '2026-03-03 20:45:17.740754', None)", "timestamp": "2026-03-03T20:45:17.741908Z", "logger": "sqlalchemy.engine.Engine", "module": "base", "function": "_execute_context", "line": 1844}
{"level": "INFO", "message": "INSERT INTO users (email, username, hashed_password, full_name, role, is_active, is_verified, subscription_type, total_xp, challenge_streak, longest_challenge_streak, created_at, updated_at, last_login) VALUES (?, ?, ?, ?, ?, ?, ?, ?, ?, ?, ?, ?, ?, ?) RETURNING id", "timestamp": "2026-03-03T20:45:17.742026Z", "logger": "sqlalchemy.engine.Engine", "module": "base", "function": "_execute_context", "line": 1844}
{"level": "INFO", "message": "[insertmanyvalues 4/9 (ordered; batch not supported)] ('user4@example.com', 'user4', '$2b$12$OCaM9EQR1AdHnSZlNXaACO9D3BCdPnygKYF5SfdyDq01FkJxbBqHO', 'Taylor Brown', 'USER', 1, 1, 'PREMIUM', 90, 0, 2, '2026-03-03 20:45:17.740755', '2026-03-03 20:45:17.740755', None)", "timestamp": "2026-03-03T20:45:17.742109Z", "logger": "sqlalchemy.engine.Engine", "module": "base", "function": "_execute_context", "line": 1844}
{"level": "INFO", "message": "INSERT INTO users (email, username, hashed_password, full_name, role, is_active, is_verified, subscription_type, total_xp, challenge_streak, longest_challenge_streak, created_at, updated_at, last_login) VALUES (?, ?, ?, ?, ?, ?, ?, ?, ?, ?, ?, ?, ?, ?) RETURNING id", "timestamp": "2026-03-03T20:45:17.742203Z", "logger": "sqlalchemy.engine.Engine", "module": "base", "function": "_execute_context", "line": 1844}
{"level": "INFO", "message": "[insertmanyvalues 5/9 (ordered; batch not supported)] ('user5@example.com', 'user5', '$2b$12$ZRhYHoyYVgNtSaOdS/WjhuV1J14aie48FzX5KnbqaIOsV9uT6DGtW', 'Jordan Davis', 'USER', 1, 0, 'FREE', 60, 0, 1, '2026-03-03 20:45:17.740756', '2026-03-03 20:45:17.740756', None)", "timestamp": "2026-03-03T20:45:17.742275Z", "logger": "sqlalchemy.engine.Engine", "module": "base", "function": "_execute_context", "line": 1844}
{"level": "INFO", "message": "INSERT INTO users (email, username, hashed_password, full_name, role, is_active, is_verified, subscription_type, total_xp, challenge_streak, longest_challenge_streak, created_at, updated_at, last_login) VALUES (?, ?, ?, ?, ?, ?, ?, ?, ?, ?, ?, ?, ?, ?) RETURNING id", "timestamp": "2026-03-03T20:45:17.742384Z", "logger": "sqlalchemy.engine.Engine", "module": "base", "function": "_execute_context", "line": 1844}
{"level": "INFO", "message": "[insertmanyvalues 6/9 (ordered; batch not supported)] ('user6@example.com', 'user6', '$2b$12$nf4m0rQE19kOgEI7ind0E.PPRDzwQ.x51Q8338pz5kNZ78UFVT.oS', 'Casey Miller', 'USER', 1, 1, 'PREMIUM', 300, 4, 6, '2026-03-03 20:45:17.740757', '2026-03-03 20:45:17.740757', None)", "timestamp": "2026-03-03T20:45:17.742463Z", "logger": "sqlalchemy.engine.Engine", "module": "base", "function": "_execute_context", "line": 1844}
{"level": "INFO", "message": "INSERT INTO users (email, username, hashed_password, full_name, role, is_active, is_verified, subscription_type, total_xp, challenge_streak, longest_challenge_streak, created_at, updated_at, last_login) VALUES (?, ?, ?, ?, ?, ?, ?, ?, ?, ?, ?, ?, ?, ?) RETURNING id", "timestamp": "2026-03-03T20:45:17.742568Z", "logger": "sqlalchemy.engine.Engine", "module": "base", "function": "_execute_context", "line": 1844}
{"level": "INFO", "message": "[insertmanyvalues 7/9 (ordered; batch not supported)] ('user7@example.com', 'user7', '$2b$12$gLzzqYOtWosl4bj41j0/Ru6NDC21j2O73imdLtoN8zLm2pCYUDgH.', 'Riley Wilson', 'USER', 1, 1, 'FREE', 150, 1, 3, '2026-03-03 20:45:17.740758', '2026-03-03 20:45:17.740758', None)", "timestamp": "2026-03-03T20:45:17.742990Z", "logger": "sqlalchemy.engine.Engine", "module": "base", "function": "_execute_context", "line": 1844}
{"level": "INFO", "message": "INSERT INTO users (email, username, hashed_password, full_name, role, is_active, is_verified, subscription_type, total_xp, challenge_streak, longest_challenge_streak, created_at, updated_at, last_login) VALUES (?, ?, ?, ?, ?, ?, ?, ?, ?, ?, ?, ?, ?, ?) RETURNING id", "timestamp": "2026-03-03T20:45:17.743160Z", "logger": "sqlalchemy.engine.Engine", "module": "base", "function": "_execute_context", "line": 1844}
{"level": "INFO", "message": "[insertmanyvalues 8/9 (ordered; batch not supported)] ('user8@example.com', 'user8', '$2b$12$AcRjBAxq3MDPa2LARvpWl.r3VQntmLvMejq5V.iM8fwXGSCJxnRPK', 'Avery Martinez', 'USER', 1, 1, 'FREE', 80, 2, 2, '2026-03-03 20:45:17.740759', '2026-03-03 20:45:17.740759', None)", "timestamp": "2026-03-03T20:45:17.743237Z", "logger": "sqlalchemy.engine.Engine", "module": "base", "function": "_execute_context", "line": 1844}
{"level": "INFO", "message": "INSERT INTO users (email, username, hashed_password, full_name, role, is_active, is_verified, subscription_type, total_xp, challenge_streak, longest_challenge_streak, created_at, updated_at, last_login) VALUES (?, ?, ?, ?, ?, ?, ?, ?, ?, ?, ?, ?, ?, ?) RETURNING id", "timestamp": "2026-03-03T20:45:17.743335Z", "logger": "sqlalchemy.engine.Engine", "module": "base", "function": "_execute_context", "line": 1844}
{"level": "INFO", "message": "[insertmanyvalues 9/9 (ordered; batch not supported)] ('user9@example.com', 'user9', '$2b$12$yxTsJzZuX.qHPoaKujtZVOzmw6phk2AEYMaTG6uPZixc0Fnq3KNte', 'Parker Lewis', 'USER', 1, 1, 'PREMIUM', 500, 5, 7, '2026-03-03 20:45:17.740760', '2026-03-03 20:45:17.740760', None)", "timestamp": "2026-03-03T20:45:17.743406Z", "logger": "sqlalchemy.engine.Engine", "module": "base", "function": "_execute_context", "line": 1844}
{"level": "INFO", "message": "COMMIT", "timestamp": "2026-03-03T20:45:17.743820Z", "logger": "sqlalchemy.engine.Engine", "module": "base", "function": "_connection_commit_impl", "line": 2707}
{"level": "INFO", "message": "Mock users seeded", "timestamp": "2026-03-03T20:45:17.747351Z", "logger": "app.main", "module": "main", "function": "lifespan", "line": 185}
{"level": "INFO", "message": "BEGIN (implicit)", "timestamp": "2026-03-03T20:45:17.747677Z", "logger": "sqlalchemy.engine.Engine", "module": "base", "function": "_connection_begin_impl", "line": 2701}
{"level": "INFO", "message": "SELECT users.id AS users_id, users.email AS users_email, users.username AS users_username, users.hashed_password AS users_hashed_password, users.full_name AS users_full_name, users.role AS users_role, users.is_active AS users_is_active, users.is_verified AS users_is_verified, users.subscription_type AS users_subscription_type, users.total_xp AS users_total_xp, users.challenge_streak AS users_challenge_streak, users.longest_challenge_streak AS users_longest_challenge_streak, users.created_at AS users_created_at, users.updated_at AS users_updated_at, users.last_login AS users_last_login \nFROM users", "timestamp": "2026-03-03T20:45:17.748317Z", "logger": "sqlalchemy.engine.Engine", "module": "base", "function": "_execute_context", "line": 1846}
{"level": "INFO", "message": "[generated in 0.00022s] ()", "timestamp": "2026-03-03T20:45:17.748502Z", "logger": "sqlalchemy.engine.Engine", "module": "base", "function": "_execute_context", "line": 1846}
{"level": "INFO", "message": "SELECT count(*) AS count_1 \nFROM (SELECT questions.id AS questions_id, questions.prompt AS questions_prompt, questions.choices AS questions_choices, questions.answer_index AS questions_answer_index, questions.difficulty_level AS questions_difficulty_level, questions.created_by AS questions_created_by, questions.created_at AS questions_created_at, questions.updated_at AS questions_updated_at \nFROM questions) AS anon_1", "timestamp": "2026-03-03T20:45:17.751112Z", "logger": "sqlalchemy.engine.Engine", "module": "base", "function": "_execute_context", "line": 1846}
{"level": "INFO", "message": "[generated in 0.00025s] ()", "timestamp": "2026-03-03T20:45:17.751320Z", "logger": "sqlalchemy.engine.Engine", "module": "base", "function": "_execute_context", "line": 1846}
{"level": "INFO", "message": "INSERT INTO questions (prompt, choices, answer_index, difficulty_level, created_by, created_at, updated_at) VALUES (?, ?, ?, ?, ?, ?, ?) RETURNING id", "timestamp": "2026-03-03T20:45:17.752626Z", "logger": "sqlalchemy.engine.Engine", "module": "base", "function": "_execute_context", "line": 1844}
{"level": "INFO", "message": "[generated in 0.00018s (insertmanyvalues) 1/10 (ordered; batch not supported)] ('What is the capital of France?', '[\"London\", \"Paris\", \"Berlin\", \"Madrid\"]', 1, 2, 1, '2026-03-03 20:45:17.752504', '2026-03-03 20:45:17.752506')", "timestamp": "2026-03-03T20:45:17.752759Z", "logger": "sqlalchemy.engine.Engine", "module": "base", "function": "_execute_context", "line": 1844}
{"level": "INFO", "message": "INSERT INTO questions (prompt, choices, answer_index, difficulty_level, created_by, created_at, updated_at) VALUES (?, ?, ?, ?, ?, ?, ?) RETURNING id", "timestamp": "2026-03-03T20:45:17.753081Z", "logger": "sqlalchemy.engine.Engine", "module": "base", "function": "_execute_context", "line": 1844}
{"level": "INFO", "message": "[insertmanyvalues 2/10 (ordered; batch not supported)] ('Which language is primarily spoken in Brazil?', '[\"Spanish\", \"Portuguese\", \"French\", \"Italian\"]', 1, 3, 1, '2026-03-03 20:45:17.752507', '2026-03-03 20:45:17.752508')", "timestamp": "2026-03-03T20:45:17.753183Z", "logger": "sqlalchemy.engine.Engine", "module": "base", "function": "_execute_context", "line": 1844}
{"level": "INFO", "message": "INSERT INTO questions (prompt, choices, answer_index, difficulty_level, created_by, created_at, updated_at) VALUES (?, ?, ?, ?, ?, ?, ?) RETURNING id", "timestamp": "2026-03-03T20:45:17.753299Z", "logger": "sqlalchemy.engine.Engine", "module": "base", "function": "_execute_context", "line": 1844}
{"level": "INFO", "message": "[insertmanyvalues 3/10 (ordered; batch not supported)] (\"What is the plural form of 'child'?\", '[\"childs\", \"children\", \"childes\", \"childrens\"]', 1, 1, 1, '2026-03-03 20:45:17.752509', '2026-03-03 20:45:17.752509')", "timestamp": "2026-03-03T20:45:17.753381Z", "logger": "sqlalchemy.engine.Engine", "module": "base", "function": "_execute_context", "line": 1844}
{"level": "INFO", "message": "INSERT INTO questions (prompt, choices, answer_index, difficulty_level, created_by, created_at, updated_at) VALUES (?, ?, ?, ?, ?, ?, ?) RETURNING id", "timestamp": "2026-03-03T20:45:17.753488Z", "logger": "sqlalchemy.engine.Engine", "module": "base", "function": "_execute_context", "line": 1844}
{"level": "INFO", "message": "[insertmanyvalues 4/10 (ordered; batch not supported)] ('Which planet is known as the Red Planet?', '[\"Venus\", \"Mars\", \"Jupiter\", \"Saturn\"]', 1, 2, 1, '2026-03-03 20:45:17.752510', '2026-03-03 20:45:17.752510')", "timestamp": "2026-03-03T20:45:17.753563Z", "logger": "sqlalchemy.engine.Engine", "module": "base", "function": "_execute_context", "line": 1844}
{"level": "INFO", "message": "INSERT INTO questions (prompt, choices, answer_index, difficulty_level, created_by, created_at, updated_at) VALUES (?, ?, ?, ?, ?, ?, ?) RETURNING id", "timestamp": "2026-03-03T20:45:17.753666Z", "logger": "sqlalchemy.engine.Engine", "module": "base", "function": "_execute_context", "line": 1844}
{"level": "INFO", "message": "[insertmanyvalues 5/10 (ordered; batch not supported)] ('What is the largest ocean on Earth?', '[\"Atlantic\", \"Indian\", \"Pacific\", \"Arctic\"]', 2, 3, 1, '2026-03-03 20:45:17.752511', '2026-03-03 20:45:17.752511')", "timestamp": "2026-03-03T20:45:17.753745Z", "logger": "sqlalchemy.engine.Engine", "module": "base", "function": "_execute_context", "line": 1844}
{"level": "INFO", "message": "INSERT INTO questions (prompt, choices, answer_index, difficulty_level, created_by, created_at, updated_at) VALUES (?, ?, ?, ?, ?, ?, ?) RETURNING id", "timestamp": "2026-03-03T20:45:17.753848Z", "logger": "sqlalchemy.engine.Engine", "module": "base", "function": "_execute_context", "line": 1844}
{"level": "INFO", "message": "[insertmanyvalues 6/10 (ordered; batch not supported)] ('Which element has the chemical symbol O?', '[\"Gold\", \"Oxygen\", \"Osmium\", \"Silver\"]', 1, 1, 1, '2026-03-03 20:45:17.752512', '2026-03-03 20:45:17.752512')", "timestamp": "2026-03-03T20:45:17.753927Z", "logger": "sqlalchemy.engine.Engine", "module": "base", "function": "_execute_context", "line": 1844}
{"level": "INFO", "message": "INSERT INTO questions (prompt, choices, answer_index, difficulty_level, created_by, created_at, updated_at) VALUES (?, ?, ?, ?, ?, ?, ?) RETURNING id", "timestamp": "2026-03-03T20:45:17.754041Z", "logger": "sqlalchemy.engine.Engine", "module": "base", "function": "_execute_context", "line": 1844}
{"level": "INFO", "message": "[insertmanyvalues 7/10 (ordered; batch not supported)] (\"Who wrote 'Romeo and Juliet'?\", '[\"Charles Dickens\", \"William Shakespeare\", \"Jane Austen\", \"Mark Twain\"]', 1, 4, 1, '2026-03-03 20:45:17.752513', '2026-03-03 20:45:17.752513')", "timestamp": "2026-03-03T20:45:17.754120Z", "logger": "sqlalchemy.engine.Engine", "module": "base", "function": "_execute_context", "line": 1844}
{"level": "INFO", "message": "INSERT INTO questions (prompt, choices, answer_index, difficulty_level, created_by, created_at, updated_at) VALUES (?, ?, ?, ?, ?, ?, ?) RETURNING id", "timestamp": "2026-03-03T20:45:17.754221Z", "logger": "sqlalchemy.engine.Engine", "module": "base", "function": "_execute_context", "line": 1844}
{"level": "INFO", "message": "[insertmanyvalues 8/10 (ordered; batch not supported)] ('Which country hosted the 2016 Summer Olympics?', '[\"China\", \"Brazil\", \"UK\", \"Russia\"]', 1, 4, 1, '2026-03-03 20:45:17.752514', '2026-03-03 20:45:17.752514')", "timestamp": "2026-03-03T20:45:17.754293Z", "logger": "sqlalchemy.engine.Engine", "module": "base", "function": "_execute_context", "line": 1844}
{"level": "INFO", "message": "INSERT INTO questions (prompt, choices, answer_index, difficulty_level, created_by, created_at, updated_at) VALUES (?, ?, ?, ?, ?, ?, ?) RETURNING id", "timestamp": "2026-03-03T20:45:17.754388Z", "logger": "sqlalchemy.engine.Engine", "module": "base", "function": "_execute_context", "line": 1844}
{"level": "INFO", "message": "[insertmanyvalues 9/10 (ordered; batch not supported)] ('What is the square root of 64?', '[\"6\", \"7\", \"8\", \"9\"]', 2, 2, 1, '2026-03-03 20:45:17.752515', '2026-03-03 20:45:17.752515')", "timestamp": "2026-03-03T20:45:17.754457Z", "logger": "sqlalchemy.engine.Engine", "module": "base", "function": "_execute_context", "line": 1844}
{"level": "INFO", "message": "INSERT INTO questions (prompt, choices, answer_index, difficulty_level, created_by, created_at, updated_at) VALUES (?, ?, ?, ?, ?, ?, ?) RETURNING id", "timestamp": "2026-03-03T20:45:17.754558Z", "logger": "sqlalchemy.engine.Engine", "module": "base", "function": "_execute_context", "line": 1844}
{"level": "INFO", "message": "[insertmanyvalues 10/10 (ordered; batch not supported)] ('Which language has the most native speakers?', '[\"English\", \"Spanish\", \"Mandarin\", \"Hindi\"]', 2, 5, 1, '2026-03-03 20:45:17.752516', '2026-03-03 20:45:17.752516')", "timestamp": "2026-03-03T20:45:17.754630Z", "logger": "sqlalchemy.engine.Engine", "module": "base", "function": "_execute_context", "line": 1844}
{"level": "INFO", "message": "COMMIT", "timestamp": "2026-03-03T20:45:17.755071Z", "logger": "sqlalchemy.engine.Engine", "module": "base", "function": "_connection_commit_impl", "line": 2707}
{"level": "INFO", "message": "Mock questions seeded", "timestamp": "2026-03-03T20:45:17.758484Z", "logger": "app.main", "module": "main", "function": "lifespan", "line": 282}
{"level": "INFO", "message": "BEGIN (implicit)", "timestamp": "2026-03-03T20:45:17.758948Z", "logger": "sqlalchemy.engine.Engine", "module": "base", "function": "_connection_begin_impl", "line": 2701}
{"level": "INFO", "message": "SELECT count(*) AS count_1 \nFROM (SELECT question_sets.id AS question_sets_id, question_sets.name AS question_sets_name, question_sets.description AS question_sets_description, question_sets.set_type AS question_sets_set_type, question_sets.created_by AS question_sets_created_by, question_sets.created_at AS question_sets_created_at, question_sets.updated_at AS question_sets_updated_at \nFROM question_sets) AS anon_1", "timestamp": "2026-03-03T20:45:17.760366Z", "logger": "sqlalchemy.engine.Engine", "module": "base", "function": "_execute_context", "line": 1846}
{"level": "INFO", "message": "[generated in 0.00020s] ()", "timestamp": "2026-03-03T20:45:17.760524Z", "logger": "sqlalchemy.engine.Engine", "module": "base", "function": "_execute_context", "line": 1846}
{"level": "INFO", "message": "SELECT users.id AS users_id, users.email AS users_email, users.username AS users_username, users.hashed_password AS users_hashed_password, users.full_name AS users_full_name, users.role AS users_role, users.is_active AS users_is_active, users.is_verified AS users_is_verified, users.subscription_type AS users_subscription_type, users.total_xp AS users_total_xp, users.challenge_streak AS users_challenge_streak, users.longest_challenge_streak AS users_longest_challenge_streak, users.created_at AS users_created_at, users.updated_at AS users_updated_at, users.last_login AS users_last_login \nFROM users \nWHERE users.id = ?", "timestamp": "2026-03-03T20:45:17.761388Z", "logger": "sqlalchemy.engine.Engine", "module": "base", "function": "_execute_context", "line": 1846}
{"level": "INFO", "message": "[generated in 0.00017s] (1,)", "timestamp": "2026-03-03T20:45:17.761518Z", "logger": "sqlalchemy.engine.Engine", "module": "base", "function": "_execute_context", "line": 1846}
{"level": "INFO", "message": "INSERT INTO question_sets (name, description, set_type, created_by, created_at, updated_at) VALUES (?, ?, ?, ?, ?, ?) RETURNING id", "timestamp": "2026-03-03T20:45:17.762563Z", "logger": "sqlalchemy.engine.Engine", "module": "base", "function": "_execute_context", "line": 1844}
{"level": "INFO", "message": "[generated in 0.00011s (insertmanyvalues) 1/3 (ordered; batch not supported)] ('General Knowledge', 'General questions for all users', 'NORMAL', 1, '2026-03-03 20:45:17.762498', '2026-03-03 20:45:17.762500')", "timestamp": "2026-03-03T20:45:17.762701Z", "logger": "sqlalchemy.engine.Engine", "module": "base", "function": "_execute_context", "line": 1844}
{"level": "INFO", "message": "INSERT INTO question_sets (name, description, set_type, created_by, created_at, updated_at) VALUES (?, ?, ?, ?, ?, ?) RETURNING id", "timestamp": "2026-03-03T20:45:17.763031Z", "logger": "sqlalchemy.engine.Engine", "module": "base", "function": "_execute_context", "line": 1844}
{"level": "INFO", "message": "[insertmanyvalues 2/3 (ordered; batch not supported)] ('Advanced Language', 'Advanced language questions for premium users', 'PREMIUM', 1, '2026-03-03 20:45:17.762501', '2026-03-03 20:45:17.762502')", "timestamp": "2026-03-03T20:45:17.763137Z", "logger": "sqlalchemy.engine.Engine", "module": "base", "function": "_execute_context", "line": 1844}
{"level": "INFO", "message": "INSERT INTO question_sets (name, description, set_type, created_by, created_at, updated_at) VALUES (?, ?, ?, ?, ?, ?) RETURNING id", "timestamp": "2026-03-03T20:45:17.763266Z", "logger": "sqlalchemy.engine.Engine", "module": "base", "function": "_execute_context", "line": 1844}
{"level": "INFO", "message": "[insertmanyvalues 3/3 (ordered; batch not supported)] ('Daily Review', 'Questions for daily review practice', 'NORMAL', 1, '2026-03-03 20:45:17.762502', '2026-03-03 20:45:17.762503')", "timestamp": "2026-03-03T20:45:17.763350Z", "logger": "sqlalchemy.engine.Engine", "module": "base", "function": "_execute_context", "line": 1844}
{"level": "INFO", "message": "COMMIT", "timestamp": "2026-03-03T20:45:17.763688Z", "logger": "sqlalchemy.engine.Engine", "module": "base", "function": "_connection_commit_impl", "line": 2707}
{"level": "INFO", "message": "BEGIN (implicit)", "timestamp": "2026-03-03T20:45:17.766784Z", "logger": "sqlalchemy.engine.Engine", "module": "base", "function": "_connection_begin_impl", "line": 2701}
{"level": "INFO", "message": "SELECT question_sets.id, question_sets.name, question_sets.description, question_sets.set_type, question_sets.created_by, question_sets.created_at, question_sets.updated_at \nFROM question_sets \nWHERE question_sets.id = ?", "timestamp": "2026-03-03T20:45:17.767382Z", "logger": "sqlalchemy.engine.Engine", "module": "base", "function": "_execute_context", "line": 1846}
{"level": "INFO", "message": "[generated in 0.00018s] (1,)", "timestamp": "2026-03-03T20:45:17.767515Z", "logger": "sqlalchemy.engine.Engine", "module": "base", "function": "_execute_context", "line": 1846}
{"level": "INFO", "message": "SELECT question_sets.id, question_sets.name, question_sets.description, question_sets.set_type, question_sets.created_by, question_sets.created_at, question_sets.updated_at \nFROM question_sets \nWHERE question_sets.id = ?", "timestamp": "2026-03-03T20:45:17.768185Z", "logger": "sqlalchemy.engine.Engine", "module": "base", "function": "_execute_context", "line": 1846}
{"level": "INFO", "message": "[cached since 0.0009884s ago] (2,)", "timestamp": "2026-03-03T20:45:17.768324Z", "logger": "sqlalchemy.engine.Engine", "module": "base", "function": "_execute_context", "line": 1846}
{"level": "INFO", "message": "SELECT question_sets.id, question_sets.name, question_sets.description, question_sets.set_type, question_sets.created_by, question_sets.created_at, question_sets.updated_at \nFROM question_sets \nWHERE question_sets.id = ?", "timestamp": "2026-03-03T20:45:17.768769Z", "logger": "sqlalchemy.engine.Engine", "module": "base", "function": "_execute_context", "line": 1846}
{"level": "INFO", "message": "[cached since 0.001575s ago] (3,)", "timestamp": "2026-03-03T20:45:17.768908Z", "logger": "sqlalchemy.engine.Engine", "module": "base", "function": "_execute_context", "line": 1846}
{"level": "INFO", "message": "Question sets created", "timestamp": "2026-03-03T20:45:17.769115Z", "logger": "app.main", "module": "main", "function": "lifespan", "line": 309}
{"level": "INFO", "message": "SELECT questions.id AS questions_id, questions.prompt AS questions_prompt, questions.choices AS questions_choices, questions.answer_index AS questions_answer_index, questions.difficulty_level AS questions_difficulty_level, questions.created_by AS questions_created_by, questions.created_at AS questions_created_at, questions.updated_at AS questions_updated_at \nFROM questions", "timestamp": "2026-03-03T20:45:17.769572Z", "logger": "sqlalchemy.engine.Engine", "module": "base", "function": "_execute_context", "line": 1846}
{"level": "INFO", "message": "[generated in 0.00016s] ()", "timestamp": "2026-03-03T20:45:17.769697Z", "logger": "sqlalchemy.engine.Engine", "module": "base", "function": "_execute_context", "line": 1846}
{"level": "INFO", "message": "SELECT questions.id AS questions_id, questions.prompt AS questions_prompt, questions.choices AS questions_choices, questions.answer_index AS questions_answer_index, questions.difficulty_level AS questions_difficulty_level, questions.created_by AS questions_created_by, questions.created_at AS questions_created_at, questions.updated_at AS questions_updated_at \nFROM questions, question_set_questions \nWHERE ? = question_set_questions.set_id AND questions.id = question_set_questions.question_id", "timestamp": "2026-03-03T20:45:17.771707Z", "logger": "sqlalchemy.engine.Engine", "module": "base", "function": "_execute_context", "line": 1846}
{"level": "INFO", "message": "[generated in 0.00029s] (1,)", "timestamp": "2026-03-03T20:45:17.771935Z", "logger": "sqlalchemy.engine.Engine", "module": "base", "function": "_execute_context", "line": 1846}
{"level": "INFO", "message": "SELECT questions.id AS questions_id, questions.prompt AS questions_prompt, questions.choices AS questions_choices, questions.answer_index AS questions_answer_index, questions.difficulty_level AS questions_difficulty_level, questions.created_by AS questions_created_by, questions.created_at AS questions_created_at, questions.updated_at AS questions_updated_at \nFROM questions, question_set_questions \nWHERE ? = question_set_questions.set_id AND questions.id = question_set_questions.question_id", "timestamp": "2026-03-03T20:45:17.772668Z", "logger": "sqlalchemy.engine.Engine", "module": "base", "function": "_execute_context", "line": 1846}
{"level": "INFO", "message": "[cached since 0.001173s ago] (2,)", "timestamp": "2026-03-03T20:45:17.772815Z", "logger": "sqlalchemy.engine.Engine", "module": "base", "function": "_execute_context", "line": 1846}
{"level": "INFO", "message": "SELECT questions.id AS questions_id, questions.prompt AS questions_prompt, questions.choices AS questions_choices, questions.answer_index AS questions_answer_index, questions.difficulty_level AS questions_difficulty_level, questions.created_by AS questions_created_by, questions.created_at AS questions_created_at, questions.updated_at AS questions_updated_at \nFROM questions, question_set_questions \nWHERE ? = question_set_questions.set_id AND questions.id = question_set_questions.question_id", "timestamp": "2026-03-03T20:45:17.773254Z", "logger": "sqlalchemy.engine.Engine", "module": "base", "function": "_execute_context", "line": 1846}
{"level": "INFO", "message": "[cached since 0.001739s ago] (3,)", "timestamp": "2026-03-03T20:45:17.773378Z", "logger": "sqlalchemy.engine.Engine", "module": "base", "function": "_execute_context", "line": 1846}
{"level": "INFO", "message": "INSERT INTO question_set_questions (question_id, set_id) VALUES (?, ?)", "timestamp": "2026-03-03T20:45:17.774436Z", "logger": "sqlalchemy.engine.Engine", "module": "base", "function": "_execute_context", "line": 1846}
{"level": "INFO", "message": "[generated in 0.00019s] [(5, 2), (1, 1), (9, 3), (2, 1), (10, 3), (3, 1), (6, 2), (4, 1), (7, 2), (8, 2)]", "timestamp": "2026-03-03T20:45:17.774564Z", "logger": "sqlalchemy.engine.Engine", "module": "base", "function": "_execute_context", "line": 1846}
{"level": "INFO", "message": "COMMIT", "timestamp": "2026-03-03T20:45:17.775179Z", "logger": "sqlalchemy.engine.Engine", "module": "base", "function": "_connection_commit_impl", "line": 2707}
{"level": "INFO", "message": "BEGIN (implicit)", "timestamp": "2026-03-03T20:45:17.778777Z", "logger": "sqlalchemy.engine.Engine", "module": "base", "function": "_connection_begin_impl", "line": 2701}
{"level": "INFO", "message": "SELECT count(*) AS count_1 \nFROM (SELECT flashcards.id AS flashcards_id, flashcards.word_front AS flashcards_word_front, flashcards.word_back AS flashcards_word_back, flashcards.example_sentences AS flashcards_example_sentences, flashcards.created_by AS flashcards_created_by, flashcards.created_at AS flashcards_created_at, flashcards.updated_at AS flashcards_updated_at \nFROM flashcards) AS anon_1", "timestamp": "2026-03-03T20:45:17.780180Z", "logger": "sqlalchemy.engine.Engine", "module": "base", "function": "_execute_context", "line": 1846}
{"level": "INFO", "message": "[generated in 0.00020s] ()", "timestamp": "2026-03-03T20:45:17.780344Z", "logger": "sqlalchemy.engine.Engine", "module": "base", "function": "_execute_context", "line": 1846}
{"level": "INFO", "message": "SELECT users.id AS users_id, users.email AS users_email, users.username AS users_username, users.hashed_password AS users_hashed_password, users.full_name AS users_full_name, users.role AS users_role, users.is_active AS users_is_active, users.is_verified AS users_is_verified, users.subscription_type AS users_subscription_type, users.total_xp AS users_total_xp, users.challenge_streak AS users_challenge_streak, users.longest_challenge_streak AS users_longest_challenge_streak, users.created_at AS users_created_at, users.updated_at AS users_updated_at, users.last_login AS users_last_login \nFROM users \nWHERE users.id = ?", "timestamp": "2026-03-03T20:45:17.780853Z", "logger": "sqlalchemy.engine.Engine", "module": "base", "function": "_execute_context", "line": 1846}
{"level": "INFO", "message": "[cached since 0.01963s ago] (1,)", "timestamp": "2026-03-03T20:45:17.780980Z", "logger": "sqlalchemy.engine.Engine", "module": "base", "function": "_execute_context", "line": 1846}
{"level": "INFO", "message": "INSERT INTO flashcards (word_front, word_back, example_sentences, created_by, created_at, updated_at) VALUES (?, ?, ?, ?, ?, ?) RETURNING id", "timestamp": "2026-03-03T20:45:17.782108Z", "logger": "sqlalchemy.engine.Engine", "module": "base", "function": "_execute_context", "line": 1844}
{"level": "INFO", "message": "[generated in 0.00016s (insertmanyvalues) 1/10 (ordered; batch not supported)] ('hello', 'hola', '[\"Hello, how are you?\", \"Hello there!\"]', 1, '2026-03-03 20:45:17.781998', '2026-03-03 20:45:17.782000')", "timestamp": "2026-03-03T20:45:17.782267Z", "logger": "sqlalchemy.engine.Engine", "module": "base", "function": "_execute_context", "line": 1844}
{"level": "INFO", "message": "INSERT INTO flashcards (word_front, word_back, example_sentences, created_by, created_at, updated_at) VALUES (?, ?, ?, ?, ?, ?) RETURNING id", "timestamp": "2026-03-03T20:45:17.782600Z", "logger": "sqlalchemy.engine.Engine", "module": "base", "function": "_execute_context", "line": 1844}
{"level": "INFO", "message": "[insertmanyvalues 2/10 (ordered; batch not supported)] ('thank you', 'gracias', '[\"Thank you for your help.\", \"Thank you so much!\"]', 1, '2026-03-03 20:45:17.782001', '2026-03-03 20:45:17.782001')", "timestamp": "2026-03-03T20:45:17.782704Z", "logger": "sqlalchemy.engine.Engine", "module": "base", "function": "_execute_context", "line": 1844}
{"level": "INFO", "message": "INSERT INTO flashcards (word_front, word_back, example_sentences, created_by, created_at, updated_at) VALUES (?, ?, ?, ?, ?, ?) RETURNING id", "timestamp": "2026-03-03T20:45:17.782843Z", "logger": "sqlalchemy.engine.Engine", "module": "base", "function": "_execute_context", "line": 1844}
{"level": "INFO", "message": "[insertmanyvalues 3/10 (ordered; batch not supported)] ('good morning', 'buenos d\u00edas', '[\"Good morning, everyone!\", \"Good morning, sir.\"]', 1, '2026-03-03 20:45:17.782002', '2026-03-03 20:45:17.782002')", "timestamp": "2026-03-03T20:45:17.782929Z", "logger": "sqlalchemy.engine.Engine", "module": "base", "function": "_execute_context", "line": 1844}
{"level": "INFO", "message": "INSERT INTO flashcards (word_front, word_back, example_sentences, created_by, created_at, updated_at) VALUES (?, ?, ?, ?, ?, ?) RETURNING id", "timestamp": "2026-03-03T20:45:17.783048Z", "logger": "sqlalchemy.engine.Engine", "module": "base", "function": "_execute_context", "line": 1844}
{"level": "INFO", "message": "[insertmanyvalues 4/10 (ordered; batch not supported)] ('please', 'por favor', '[\"Please close the door.\", \"Please wait a moment.\"]', 1, '2026-03-03 20:45:17.782003', '2026-03-03 20:45:17.782003')", "timestamp": "2026-03-03T20:45:17.783126Z", "logger": "sqlalchemy.engine.Engine", "module": "base", "function": "_execute_context", "line": 1844}
{"level": "INFO", "message": "INSERT INTO flashcards (word_front, word_back, example_sentences, created_by, created_at, updated_at) VALUES (?, ?, ?, ?, ?, ?) RETURNING id", "timestamp": "2026-03-03T20:45:17.783237Z", "logger": "sqlalchemy.engine.Engine", "module": "base", "function": "_execute_context", "line": 1844}
{"level": "INFO", "message": "[insertmanyvalues 5/10 (ordered; batch not supported)] ('excuse me', 'perd\u00f3n', '[\"Excuse me, can you help?\", \"Excuse me for the interruption.\"]', 1, '2026-03-03 20:45:17.782004', '2026-03-03 20:45:17.782005')", "timestamp": "2026-03-03T20:45:17.783315Z", "logger": "sqlalchemy.engine.Engine", "module": "base", "function": "_execute_context", "line": 1844}
{"level": "INFO", "message": "INSERT INTO flashcards (word_front, word_back, example_sentences, created_by, created_at, updated_at) VALUES (?, ?, ?, ?, ?, ?) RETURNING id", "timestamp": "2026-03-03T20:45:17.783422Z", "logger": "sqlalchemy.engine.Engine", "module": "base", "function": "_execute_context", "line": 1844}
{"level": "INFO", "message": "[insertmanyvalues 6/10 (ordered; batch not supported)] ('sorry', 'lo siento', '[\"Sorry for the delay.\", \"I\\'m sorry about that.\"]', 1, '2026-03-03 20:45:17.782006', '2026-03-03 20:45:17.782006')", "timestamp": "2026-03-03T20:45:17.783509Z", "logger": "sqlalchemy.engine.Engine", "module": "base", "function": "_execute_context", "line": 1844}
{"level": "INFO", "message": "INSERT INTO flashcards (word_front, word_back, example_sentences, created_by, created_at, updated_at) VALUES (?, ?, ?, ?, ?, ?) RETURNING id", "timestamp": "2026-03-03T20:45:17.783689Z", "logger": "sqlalchemy.engine.Engine", "module": "base", "function": "_execute_context", "line": 1844}
{"level": "INFO", "message": "[insertmanyvalues 7/10 (ordered; batch not supported)] ('how much', 'cu\u00e1nto', '[\"How much does it cost?\", \"How much time is left?\"]', 1, '2026-03-03 20:45:17.782007', '2026-03-03 20:45:17.782007')", "timestamp": "2026-03-03T20:45:17.783802Z", "logger": "sqlalchemy.engine.Engine", "module": "base", "function": "_execute_context", "line": 1844}
{"level": "INFO", "message": "INSERT INTO flashcards (word_front, word_back, example_sentences, created_by, created_at, updated_at) VALUES (?, ?, ?, ?, ?, ?) RETURNING id", "timestamp": "2026-03-03T20:45:17.783914Z", "logger": "sqlalchemy.engine.Engine", "module": "base", "function": "_execute_context", "line": 1844}
{"level": "INFO", "message": "[insertmanyvalues 8/10 (ordered; batch not supported)] ('where is', 'd\u00f3nde est\u00e1', '[\"Where is the station?\", \"Where is my book?\"]', 1, '2026-03-03 20:45:17.782008', '2026-03-03 20:45:17.782008')", "timestamp": "2026-03-03T20:45:17.783976Z", "logger": "sqlalchemy.engine.Engine", "module": "base", "function": "_execute_context", "line": 1844}
{"level": "INFO", "message": "INSERT INTO flashcards (word_front, word_back, example_sentences, created_by, created_at, updated_at) VALUES (?, ?, ?, ?, ?, ?) RETURNING id", "timestamp": "2026-03-03T20:45:17.784093Z", "logger": "sqlalchemy.engine.Engine", "module": "base", "function": "_execute_context", "line": 1844}
{"level": "INFO", "message": "[insertmanyvalues 9/10 (ordered; batch not supported)] ('see you', 'nos vemos', '[\"See you tomorrow.\", \"See you later!\"]', 1, '2026-03-03 20:45:17.782009', '2026-03-03 20:45:17.782009')", "timestamp": "2026-03-03T20:45:17.784208Z", "logger": "sqlalchemy.engine.Engine", "module": "base", "function": "_execute_context", "line": 1844}
{"level": "INFO", "message": "INSERT INTO flashcards (word_front, word_back, example_sentences, created_by, created_at, updated_at) VALUES (?, ?, ?, ?, ?, ?) RETURNING id", "timestamp": "2026-03-03T20:45:17.784361Z", "logger": "sqlalchemy.engine.Engine", "module": "base", "function": "_execute_context", "line": 1844}
{"level": "INFO", "message": "[insertmanyvalues 10/10 (ordered; batch not supported)] ('welcome', 'bienvenido', '[\"Welcome to the team.\", \"Welcome home!\"]', 1, '2026-03-03 20:45:17.782010', '2026-03-03 20:45:17.782010')", "timestamp": "2026-03-03T20:45:17.784466Z", "logger": "sqlalchemy.engine.Engine", "module": "base", "function": "_execute_context", "line": 1844}
{"level": "INFO", "message": "COMMIT", "timestamp": "2026-03-03T20:45:17.784991Z", "logger": "sqlalchemy.engine.Engine", "module": "base", "function": "_connection_commit_impl", "line": 2707}
{"level": "INFO", "message": "Mock flashcards seeded", "timestamp": "2026-03-03T20:45:17.788499Z", "logger": "app.main", "module": "main", "function": "lifespan", "line": 388}
{"level": "INFO", "message": "BEGIN (implicit)", "timestamp": "2026-03-03T20:45:17.789068Z", "logger": "sqlalchemy.engine.Engine", "module": "base", "function": "_connection_begin_impl", "line": 2701}
{"level": "INFO", "message": "SELECT count(*) AS count_1 \nFROM (SELECT leaderboard_dummies.id AS leaderboard_dummies_id, leaderboard_dummies.display_name AS leaderboard_dummies_display_name, leaderboard_dummies.solved_count AS leaderboard_dummies_solved_count, leaderboard_dummies.period AS leaderboard_dummies_period, leaderboard_dummies.created_at AS leaderboard_dummies_created_at, leaderboard_dummies.updated_at AS leaderboard_dummies_updated_at \nFROM leaderboard_dummies) AS anon_1", "timestamp": "2026-03-03T20:45:17.790532Z", "logger": "sqlalchemy.engine.Engine", "module": "base", "function": "_execute_context", "line": 1846}
{"level": "INFO", "message": "[generated in 0.00030s] ()", "timestamp": "2026-03-03T20:45:17.790766Z", "logger": "sqlalchemy.engine.Engine", "module": "base", "function": "_execute_context", "line": 1846}
{"level": "INFO", "message": "INSERT INTO leaderboard_dummies (display_name, solved_count, period, created_at, updated_at) VALUES (?, ?, ?, ?, ?) RETURNING id", "timestamp": "2026-03-03T20:45:17.792438Z", "logger": "sqlalchemy.engine.Engine", "module": "base", "function": "_execute_context", "line": 1844}
{"level": "INFO", "message": "[generated in 0.00016s (insertmanyvalues) 1/10 (ordered; batch not supported)] ('Ava', 24, 'last_7_days', '2026-03-03 20:45:17.792339', '2026-03-03 20:45:17.792342')", "timestamp": "2026-03-03T20:45:17.792643Z", "logger": "sqlalchemy.engine.Engine", "module": "base", "function": "_execute_context", "line": 1844}
{"level": "INFO", "message": "INSERT INTO leaderboard_dummies (display_name, solved_count, period, created_at, updated_at) VALUES (?, ?, ?, ?, ?) RETURNING id", "timestamp": "2026-03-03T20:45:17.792991Z", "logger": "sqlalchemy.engine.Engine", "module": "base", "function": "_execute_context", "line": 1844}
{"level": "INFO", "message": "[insertmanyvalues 2/10 (ordered; batch not supported)] ('Liam', 20, 'last_7_days', '2026-03-03 20:45:17.792343', '2026-03-03 20:45:17.792344')", "timestamp": "2026-03-03T20:45:17.793097Z", "logger": "sqlalchemy.engine.Engine", "module": "base", "function": "_execute_context", "line": 1844}
{"level": "INFO", "message": "INSERT INTO leaderboard_dummies (display_name, solved_count, period, created_at, updated_at) VALUES (?, ?, ?, ?, ?) RETURNING id", "timestamp": "2026-03-03T20:45:17.793213Z", "logger": "sqlalchemy.engine.Engine", "module": "base", "function": "_execute_context", "line": 1844}
{"level": "INFO", "message": "[insertmanyvalues 3/10 (ordered; batch not supported)] ('Noah', 18, 'last_7_days', '2026-03-03 20:45:17.792344', '2026-03-03 20:45:17.792345')", "timestamp": "2026-03-03T20:45:17.793293Z", "logger": "sqlalchemy.engine.Engine", "module": "base", "function": "_execute_context", "line": 1844}
{"level": "INFO", "message": "INSERT INTO leaderboard_dummies (display_name, solved_count, period, created_at, updated_at) VALUES (?, ?, ?, ?, ?) RETURNING id", "timestamp": "2026-03-03T20:45:17.793390Z", "logger": "sqlalchemy.engine.Engine", "module": "base", "function": "_execute_context", "line": 1844}
{"level": "INFO", "message": "[insertmanyvalues 4/10 (ordered; batch not supported)] ('Emma', 30, 'last_30_days', '2026-03-03 20:45:17.792346', '2026-03-03 20:45:17.792346')", "timestamp": "2026-03-03T20:45:17.793470Z", "logger": "sqlalchemy.engine.Engine", "module": "base", "function": "_execute_context", "line": 1844}
{"level": "INFO", "message": "INSERT INTO leaderboard_dummies (display_name, solved_count, period, created_at, updated_at) VALUES (?, ?, ?, ?, ?) RETURNING id", "timestamp": "2026-03-03T20:45:17.793557Z", "logger": "sqlalchemy.engine.Engine", "module": "base", "function": "_execute_context", "line": 1844}
{"level": "INFO", "message": "[insertmanyvalues 5/10 (ordered; batch not supported)] ('Olivia', 28, 'last_30_days', '2026-03-03 20:45:17.792347', '2026-03-03 20:45:17.792347')", "timestamp": "2026-03-03T20:45:17.793629Z", "logger": "sqlalchemy.engine.Engine", "module": "base", "function": "_execute_context", "line": 1844}
{"level": "INFO", "message": "INSERT INTO leaderboard_dummies (display_name, solved_count, period, created_at, updated_at) VALUES (?, ?, ?, ?, ?) RETURNING id", "timestamp": "2026-03-03T20:45:17.793713Z", "logger": "sqlalchemy.engine.Engine", "module": "base", "function": "_execute_context", "line": 1844}
{"level": "INFO", "message": "[insertmanyvalues 6/10 (ordered; batch not supported)] ('Sophia', 25, 'last_30_days', '2026-03-03 20:45:17.792348', '2026-03-03 20:45:17.792348')", "timestamp": "2026-03-03T20:45:17.793837Z", "logger": "sqlalchemy.engine.Engine", "module": "base", "function": "_execute_context", "line": 1844}
{"level": "INFO", "message": "INSERT INTO leaderboard_dummies (display_name, solved_count, period, created_at, updated_at) VALUES (?, ?, ?, ?, ?) RETURNING id", "timestamp": "2026-03-03T20:45:17.793934Z", "logger": "sqlalchemy.engine.Engine", "module": "base", "function": "_execute_context", "line": 1844}
{"level": "INFO", "message": "[insertmanyvalues 7/10 (ordered; batch not supported)] ('Mason', 40, 'all_time', '2026-03-03 20:45:17.792349', '2026-03-03 20:45:17.792349')", "timestamp": "2026-03-03T20:45:17.793998Z", "logger": "sqlalchemy.engine.Engine", "module": "base", "function": "_execute_context", "line": 1844}
{"level": "INFO", "message": "INSERT INTO leaderboard_dummies (display_name, solved_count, period, created_at, updated_at) VALUES (?, ?, ?, ?, ?) RETURNING id", "timestamp": "2026-03-03T20:45:17.794090Z", "logger": "sqlalchemy.engine.Engine", "module": "base", "function": "_execute_context", "line": 1844}
{"level": "INFO", "message": "[insertmanyvalues 8/10 (ordered; batch not supported)] ('Isabella', 35, 'all_time', '2026-03-03 20:45:17.792350', '2026-03-03 20:45:17.792350')", "timestamp": "2026-03-03T20:45:17.794162Z", "logger": "sqlalchemy.engine.Engine", "module": "base", "function": "_execute_context", "line": 1844}
{"level": "INFO", "message": "INSERT INTO leaderboard_dummies (display_name, solved_count, period, created_at, updated_at) VALUES (?, ?, ?, ?, ?) RETURNING id", "timestamp": "2026-03-03T20:45:17.794245Z", "logger": "sqlalchemy.engine.Engine", "module": "base", "function": "_execute_context", "line": 1844}
{"level": "INFO", "message": "[insertmanyvalues 9/10 (ordered; batch not supported)] ('Lucas', 33, 'all_time', '2026-03-03 20:45:17.792352', '2026-03-03 20:45:17.792353')", "timestamp": "2026-03-03T20:45:17.794309Z", "logger": "sqlalchemy.engine.Engine", "module": "base", "function": "_execute_context", "line": 1844}
{"level": "INFO", "message": "INSERT INTO leaderboard_dummies (display_name, solved_count, period, created_at, updated_at) VALUES (?, ?, ?, ?, ?) RETURNING id", "timestamp": "2026-03-03T20:45:17.794399Z", "logger": "sqlalchemy.engine.Engine", "module": "base", "function": "_execute_context", "line": 1844}
{"level": "INFO", "message": "[insertmanyvalues 10/10 (ordered; batch not supported)] ('Mia', 31, 'all_time', '2026-03-03 20:45:17.792353', '2026-03-03 20:45:17.792354')", "timestamp": "2026-03-03T20:45:17.794463Z", "logger": "sqlalchemy.engine.Engine", "module": "base", "function": "_execute_context", "line": 1844}
{"level": "INFO", "message": "COMMIT", "timestamp": "2026-03-03T20:45:17.795152Z", "logger": "sqlalchemy.engine.Engine", "module": "base", "function": "_connection_commit_impl", "line": 2707}
{"level": "INFO", "message": "Mock leaderboard dummies seeded", "timestamp": "2026-03-03T20:45:17.798811Z", "logger": "app.main", "module": "main", "function": "lifespan", "line": 406}
{"level": "INFO", "message": "BEGIN (implicit)", "timestamp": "2026-03-03T20:45:17.799415Z", "logger": "sqlalchemy.engine.Engine", "module": "base", "function": "_connection_begin_impl", "line": 2701}
{"level": "INFO", "message": "SELECT count(*) AS count_1 \nFROM (SELECT user_question_stats.id AS user_question_stats_id, user_question_stats.user_id AS user_question_stats_user_id, user_question_stats.question_id AS user_question_stats_question_id, user_question_stats.total_attempts AS user_question_stats_total_attempts, user_question_stats.correct_attempts AS user_question_stats_correct_attempts, user_question_stats.last_seen_at AS user_question_stats_last_seen_at, user_question_stats.last_result AS user_question_stats_last_result, user_question_stats.next_review_at AS user_question_stats_next_review_at, user_question_stats.streak AS user_question_stats_streak, user_question_stats.created_at AS user_question_stats_created_at, user_question_stats.updated_at AS user_question_stats_updated_at \nFROM user_question_stats) AS anon_1", "timestamp": "2026-03-03T20:45:17.801554Z", "logger": "sqlalchemy.engine.Engine", "module": "base", "function": "_execute_context", "line": 1846}
{"level": "INFO", "message": "[generated in 0.00025s] ()", "timestamp": "2026-03-03T20:45:17.801745Z", "logger": "sqlalchemy.engine.Engine", "module": "base", "function": "_execute_context", "line": 1846}
{"level": "INFO", "message": "SELECT questions.id AS questions_id, questions.prompt AS questions_prompt, questions.choices AS questions_choices, questions.answer_index AS questions_answer_index, questions.difficulty_level AS questions_difficulty_level, questions.created_by AS questions_created_by, questions.created_at AS questions_created_at, questions.updated_at AS questions_updated_at \nFROM questions", "timestamp": "2026-03-03T20:45:17.802220Z", "logger": "sqlalchemy.engine.Engine", "module": "base", "function": "_execute_context", "line": 1846}
{"level": "INFO", "message": "[cached since 0.03283s ago] ()", "timestamp": "2026-03-03T20:45:17.802365Z", "logger": "sqlalchemy.engine.Engine", "module": "base", "function": "_execute_context", "line": 1846}
{"level": "INFO", "message": "SELECT users.id AS users_id, users.email AS users_email, users.username AS users_username, users.hashed_password AS users_hashed_password, users.full_name AS users_full_name, users.role AS users_role, users.is_active AS users_is_active, users.is_verified AS users_is_verified, users.subscription_type AS users_subscription_type, users.total_xp AS users_total_xp, users.challenge_streak AS users_challenge_streak, users.longest_challenge_streak AS users_longest_challenge_streak, users.created_at AS users_created_at, users.updated_at AS users_updated_at, users.last_login AS users_last_login \nFROM users \nWHERE users.id = ?", "timestamp": "2026-03-03T20:45:17.803332Z", "logger": "sqlalchemy.engine.Engine", "module": "base", "function": "_execute_context", "line": 1846}
{"level": "INFO", "message": "[cached since 0.04227s ago] (1,)", "timestamp": "2026-03-03T20:45:17.803640Z", "logger": "sqlalchemy.engine.Engine", "module": "base", "function": "_execute_context", "line": 1846}
{"level": "INFO", "message": "INSERT INTO user_question_stats (user_id, question_id, total_attempts, correct_attempts, last_seen_at, last_result, next_review_at, streak, created_at, updated_at) VALUES (?, ?, ?, ?, ?, ?, ?, ?, ?, ?) RETURNING id", "timestamp": "2026-03-03T20:45:17.805669Z", "logger": "sqlalchemy.engine.Engine", "module": "base", "function": "_execute_context", "line": 1844}
{"level": "INFO", "message": "[generated in 0.00026s (insertmanyvalues) 1/10 (ordered; batch not supported)] (1, 1, 3, 2, '2026-03-03 20:45:17.802987', 1, '2026-03-04 20:45:17.802987', 0, '2026-03-03 20:45:17.805509', '2026-03-03 20:45:17.805515')", "timestamp": "2026-03-03T20:45:17.806004Z", "logger": "sqlalchemy.engine.Engine", "module": "base", "function": "_execute_context", "line": 1844}
{"level": "INFO", "message": "INSERT INTO user_question_stats (user_id, question_id, total_attempts, correct_attempts, last_seen_at, last_result, next_review_at, streak, created_at, updated_at) VALUES (?, ?, ?, ?, ?, ?, ?, ?, ?, ?) RETURNING id", "timestamp": "2026-03-03T20:45:17.806648Z", "logger": "sqlalchemy.engine.Engine", "module": "base", "function": "_execute_context", "line": 1844}
{"level": "INFO", "message": "[insertmanyvalues 2/10 (ordered; batch not supported)] (1, 2, 4, 3, '2026-03-02 20:45:17.802987', 0, '2026-03-05 20:45:17.802987', 1, '2026-03-03 20:45:17.805516', '2026-03-03 20:45:17.805517')", "timestamp": "2026-03-03T20:45:17.806794Z", "logger": "sqlalchemy.engine.Engine", "module": "base", "function": "_execute_context", "line": 1844}
{"level": "INFO", "message": "INSERT INTO user_question_stats (user_id, question_id, total_attempts, correct_attempts, last_seen_at, last_result, next_review_at, streak, created_at, updated_at) VALUES (?, ?, ?, ?, ?, ?, ?, ?, ?, ?) RETURNING id", "timestamp": "2026-03-03T20:45:17.806980Z", "logger": "sqlalchemy.engine.Engine", "module": "base", "function": "_execute_context", "line": 1844}
{"level": "INFO", "message": "[insertmanyvalues 3/10 (ordered; batch not supported)] (1, 3, 5, 2, '2026-03-01 20:45:17.802987', 1, '2026-03-06 20:45:17.802987', 2, '2026-03-03 20:45:17.805518', '2026-03-03 20:45:17.805518')", "timestamp": "2026-03-03T20:45:17.807080Z", "logger": "sqlalchemy.engine.Engine", "module": "base", "function": "_execute_context", "line": 1844}
{"level": "INFO", "message": "INSERT INTO user_question_stats (user_id, question_id, total_attempts, correct_attempts, last_seen_at, last_result, next_review_at, streak, created_at, updated_at) VALUES (?, ?, ?, ?, ?, ?, ?, ?, ?, ?) RETURNING id", "timestamp": "2026-03-03T20:45:17.807209Z", "logger": "sqlalchemy.engine.Engine", "module": "base", "function": "_execute_context", "line": 1844}
{"level": "INFO", "message": "[insertmanyvalues 4/10 (ordered; batch not supported)] (1, 4, 6, 3, '2026-02-28 20:45:17.802987', 0, '2026-03-07 20:45:17.802987', 3, '2026-03-03 20:45:17.805519', '2026-03-03 20:45:17.805519')", "timestamp": "2026-03-03T20:45:17.807352Z", "logger": "sqlalchemy.engine.Engine", "module": "base", "function": "_execute_context", "line": 1844}
{"level": "INFO", "message": "INSERT INTO user_question_stats (user_id, question_id, total_attempts, correct_attempts, last_seen_at, last_result, next_review_at, streak, created_at, updated_at) VALUES (?, ?, ?, ?, ?, ?, ?, ?, ?, ?) RETURNING id", "timestamp": "2026-03-03T20:45:17.807488Z", "logger": "sqlalchemy.engine.Engine", "module": "base", "function": "_execute_context", "line": 1844}
{"level": "INFO", "message": "[insertmanyvalues 5/10 (ordered; batch not supported)] (1, 5, 7, 2, '2026-02-27 20:45:17.802987', 1, '2026-03-08 20:45:17.802987', 4, '2026-03-03 20:45:17.805520', '2026-03-03 20:45:17.805520')", "timestamp": "2026-03-03T20:45:17.807578Z", "logger": "sqlalchemy.engine.Engine", "module": "base", "function": "_execute_context", "line": 1844}
{"level": "INFO", "message": "INSERT INTO user_question_stats (user_id, question_id, total_attempts, correct_attempts, last_seen_at, last_result, next_review_at, streak, created_at, updated_at) VALUES (?, ?, ?, ?, ?, ?, ?, ?, ?, ?) RETURNING id", "timestamp": "2026-03-03T20:45:17.807701Z", "logger": "sqlalchemy.engine.Engine", "module": "base", "function": "_execute_context", "line": 1844}
{"level": "INFO", "message": "[insertmanyvalues 6/10 (ordered; batch not supported)] (1, 6, 8, 3, '2026-02-26 20:45:17.802987', 0, '2026-03-09 20:45:17.802987', 0, '2026-03-03 20:45:17.805521', '2026-03-03 20:45:17.805521')", "timestamp": "2026-03-03T20:45:17.807781Z", "logger": "sqlalchemy.engine.Engine", "module": "base", "function": "_execute_context", "line": 1844}
{"level": "INFO", "message": "INSERT INTO user_question_stats (user_id, question_id, total_attempts, correct_attempts, last_seen_at, last_result, next_review_at, streak, created_at, updated_at) VALUES (?, ?, ?, ?, ?, ?, ?, ?, ?, ?) RETURNING id", "timestamp": "2026-03-03T20:45:17.807888Z", "logger": "sqlalchemy.engine.Engine", "module": "base", "function": "_execute_context", "line": 1844}
{"level": "INFO", "message": "[insertmanyvalues 7/10 (ordered; batch not supported)] (1, 7, 9, 2, '2026-02-25 20:45:17.802987', 1, '2026-03-10 20:45:17.802987', 1, '2026-03-03 20:45:17.805522', '2026-03-03 20:45:17.805522')", "timestamp": "2026-03-03T20:45:17.807972Z", "logger": "sqlalchemy.engine.Engine", "module": "base", "function": "_execute_context", "line": 1844}
{"level": "INFO", "message": "INSERT INTO user_question_stats (user_id, question_id, total_attempts, correct_attempts, last_seen_at, last_result, next_review_at, streak, created_at, updated_at) VALUES (?, ?, ?, ?, ?, ?, ?, ?, ?, ?) RETURNING id", "timestamp": "2026-03-03T20:45:17.808084Z", "logger": "sqlalchemy.engine.Engine", "module": "base", "function": "_execute_context", "line": 1844}
{"level": "INFO", "message": "[insertmanyvalues 8/10 (ordered; batch not supported)] (1, 8, 10, 3, '2026-02-24 20:45:17.802987', 0, '2026-03-11 20:45:17.802987', 2, '2026-03-03 20:45:17.805523', '2026-03-03 20:45:17.805523')", "timestamp": "2026-03-03T20:45:17.808166Z", "logger": "sqlalchemy.engine.Engine", "module": "base", "function": "_execute_context", "line": 1844}
{"level": "INFO", "message": "INSERT INTO user_question_stats (user_id, question_id, total_attempts, correct_attempts, last_seen_at, last_result, next_review_at, streak, created_at, updated_at) VALUES (?, ?, ?, ?, ?, ?, ?, ?, ?, ?) RETURNING id", "timestamp": "2026-03-03T20:45:17.808271Z", "logger": "sqlalchemy.engine.Engine", "module": "base", "function": "_execute_context", "line": 1844}
{"level": "INFO", "message": "[insertmanyvalues 9/10 (ordered; batch not supported)] (1, 9, 11, 2, '2026-02-23 20:45:17.802987', 1, '2026-03-12 20:45:17.802987', 3, '2026-03-03 20:45:17.805524', '2026-03-03 20:45:17.805525')", "timestamp": "2026-03-03T20:45:17.808372Z", "logger": "sqlalchemy.engine.Engine", "module": "base", "function": "_execute_context", "line": 1844}
{"level": "INFO", "message": "INSERT INTO user_question_stats (user_id, question_id, total_attempts, correct_attempts, last_seen_at, last_result, next_review_at, streak, created_at, updated_at) VALUES (?, ?, ?, ?, ?, ?, ?, ?, ?, ?) RETURNING id", "timestamp": "2026-03-03T20:45:17.808493Z", "logger": "sqlalchemy.engine.Engine", "module": "base", "function": "_execute_context", "line": 1844}
{"level": "INFO", "message": "[insertmanyvalues 10/10 (ordered; batch not supported)] (1, 10, 12, 3, '2026-02-22 20:45:17.802987', 0, '2026-03-13 20:45:17.802987', 4, '2026-03-03 20:45:17.805525', '2026-03-03 20:45:17.805526')", "timestamp": "2026-03-03T20:45:17.808587Z", "logger": "sqlalchemy.engine.Engine", "module": "base", "function": "_execute_context", "line": 1844}
{"level": "INFO", "message": "COMMIT", "timestamp": "2026-03-03T20:45:17.809080Z", "logger": "sqlalchemy.engine.Engine", "module": "base", "function": "_connection_commit_impl", "line": 2707}
{"level": "INFO", "message": "Mock user question stats seeded", "timestamp": "2026-03-03T20:45:17.812328Z", "logger": "app.main", "module": "main", "function": "lifespan", "line": 429}
{"level": "INFO", "message": "BEGIN (implicit)", "timestamp": "2026-03-03T20:45:17.812774Z", "logger": "sqlalchemy.engine.Engine", "module": "base", "function": "_connection_begin_impl", "line": 2701}
{"level": "INFO", "message": "SELECT count(*) AS count_1 \nFROM (SELECT daily_challenges.id AS daily_challenges_id, daily_challenges.challenge_date AS daily_challenges_challenge_date, daily_challenges.question_ids AS daily_challenges_question_ids, daily_challenges.created_at AS daily_challenges_created_at \nFROM daily_challenges) AS anon_1", "timestamp": "2026-03-03T20:45:17.813942Z", "logger": "sqlalchemy.engine.Engine", "module": "base", "function": "_execute_context", "line": 1846}
{"level": "INFO", "message": "[generated in 0.00023s] ()", "timestamp": "2026-03-03T20:45:17.814128Z", "logger": "sqlalchemy.engine.Engine", "module": "base", "function": "_execute_context", "line": 1846}
{"level": "INFO", "message": "SELECT questions.id AS questions_id, questions.prompt AS questions_prompt, questions.choices AS questions_choices, questions.answer_index AS questions_answer_index, questions.difficulty_level AS questions_difficulty_level, questions.created_by AS questions_created_by, questions.created_at AS questions_created_at, questions.updated_at AS questions_updated_at \nFROM questions", "timestamp": "2026-03-03T20:45:17.814668Z", "logger": "sqlalchemy.engine.Engine", "module": "base", "function": "_execute_context", "line": 1846}
{"level": "INFO", "message": "[cached since 0.04526s ago] ()", "timestamp": "2026-03-03T20:45:17.814794Z", "logger": "sqlalchemy.engine.Engine", "module": "base", "function": "_execute_context", "line": 1846}
{"level": "INFO", "message": "INSERT INTO daily_challenges (challenge_date, question_ids, created_at) VALUES (?, ?, ?) RETURNING id", "timestamp": "2026-03-03T20:45:17.816004Z", "logger": "sqlalchemy.engine.Engine", "module": "base", "function": "_execute_context", "line": 1844}
{"level": "INFO", "message": "[generated in 0.00014s (insertmanyvalues) 1/10 (ordered; batch not supported)] ('2026-03-03 00:00:00.000000', '[1, 2, 3, 4, 5]', '2026-03-03 20:45:17.815904')", "timestamp": "2026-03-03T20:45:17.816146Z", "logger": "sqlalchemy.engine.Engine", "module": "base", "function": "_execute_context", "line": 1844}
{"level": "INFO", "message": "INSERT INTO daily_challenges (challenge_date, question_ids, created_at) VALUES (?, ?, ?) RETURNING id", "timestamp": "2026-03-03T20:45:17.816494Z", "logger": "sqlalchemy.engine.Engine", "module": "base", "function": "_execute_context", "line": 1844}
{"level": "INFO", "message": "[insertmanyvalues 2/10 (ordered; batch not supported)] ('2026-03-02 00:00:00.000000', '[6, 7, 8, 9, 10]', '2026-03-03 20:45:17.815906')", "timestamp": "2026-03-03T20:45:17.816606Z", "logger": "sqlalchemy.engine.Engine", "module": "base", "function": "_execute_context", "line": 1844}
{"level": "INFO", "message": "INSERT INTO daily_challenges (challenge_date, question_ids, created_at) VALUES (?, ?, ?) RETURNING id", "timestamp": "2026-03-03T20:45:17.816750Z", "logger": "sqlalchemy.engine.Engine", "module": "base", "function": "_execute_context", "line": 1844}
{"level": "INFO", "message": "[insertmanyvalues 3/10 (ordered; batch not supported)] ('2026-03-01 00:00:00.000000', '[1, 2, 3, 4, 5]', '2026-03-03 20:45:17.815907')", "timestamp": "2026-03-03T20:45:17.816839Z", "logger": "sqlalchemy.engine.Engine", "module": "base", "function": "_execute_context", "line": 1844}
{"level": "INFO", "message": "INSERT INTO daily_challenges (challenge_date, question_ids, created_at) VALUES (?, ?, ?) RETURNING id", "timestamp": "2026-03-03T20:45:17.817216Z", "logger": "sqlalchemy.engine.Engine", "module": "base", "function": "_execute_context", "line": 1844}
{"level": "INFO", "message": "[insertmanyvalues 4/10 (ordered; batch not supported)] ('2026-02-28 00:00:00.000000', '[6, 7, 8, 9, 10]', '2026-03-03 20:45:17.815908')", "timestamp": "2026-03-03T20:45:17.817304Z", "logger": "sqlalchemy.engine.Engine", "module": "base", "function": "_execute_context", "line": 1844}
{"level": "INFO", "message": "INSERT INTO daily_challenges (challenge_date, question_ids, created_at) VALUES (?, ?, ?) RETURNING id", "timestamp": "2026-03-03T20:45:17.817412Z", "logger": "sqlalchemy.engine.Engine", "module": "base", "function": "_execute_context", "line": 1844}
{"level": "INFO", "message": "[insertmanyvalues 5/10 (ordered; batch not supported)] ('2026-02-27 00:00:00.000000', '[1, 2, 3, 4, 5]', '2026-03-03 20:45:17.815908')", "timestamp": "2026-03-03T20:45:17.817493Z", "logger": "sqlalchemy.engine.Engine", "module": "base", "function": "_execute_context", "line": 1844}
{"level": "INFO", "message": "INSERT INTO daily_challenges (challenge_date, question_ids, created_at) VALUES (?, ?, ?) RETURNING id", "timestamp": "2026-03-03T20:45:17.817604Z", "logger": "sqlalchemy.engine.Engine", "module": "base", "function": "_execute_context", "line": 1844}
{"level": "INFO", "message": "[insertmanyvalues 6/10 (ordered; batch not supported)] ('2026-02-26 00:00:00.000000', '[6, 7, 8, 9, 10]', '2026-03-03 20:45:17.815909')", "timestamp": "2026-03-03T20:45:17.817676Z", "logger": "sqlalchemy.engine.Engine", "module": "base", "function": "_execute_context", "line": 1844}
{"level": "INFO", "message": "INSERT INTO daily_challenges (challenge_date, question_ids, created_at) VALUES (?, ?, ?) RETURNING id", "timestamp": "2026-03-03T20:45:17.817776Z", "logger": "sqlalchemy.engine.Engine", "module": "base", "function": "_execute_context", "line": 1844}
{"level": "INFO", "message": "[insertmanyvalues 7/10 (ordered; batch not supported)] ('2026-02-25 00:00:00.000000', '[1, 2, 3, 4, 5]', '2026-03-03 20:45:17.815909')", "timestamp": "2026-03-03T20:45:17.817854Z", "logger": "sqlalchemy.engine.Engine", "module": "base", "function": "_execute_context", "line": 1844}
{"level": "INFO", "message": "INSERT INTO daily_challenges (challenge_date, question_ids, created_at) VALUES (?, ?, ?) RETURNING id", "timestamp": "2026-03-03T20:45:17.817952Z", "logger": "sqlalchemy.engine.Engine", "module": "base", "function": "_execute_context", "line": 1844}
{"level": "INFO", "message": "[insertmanyvalues 8/10 (ordered; batch not supported)] ('2026-02-24 00:00:00.000000', '[6, 7, 8, 9, 10]', '2026-03-03 20:45:17.815910')", "timestamp": "2026-03-03T20:45:17.818030Z", "logger": "sqlalchemy.engine.Engine", "module": "base", "function": "_execute_context", "line": 1844}
{"level": "INFO", "message": "INSERT INTO daily_challenges (challenge_date, question_ids, created_at) VALUES (?, ?, ?) RETURNING id", "timestamp": "2026-03-03T20:45:17.818127Z", "logger": "sqlalchemy.engine.Engine", "module": "base", "function": "_execute_context", "line": 1844}
{"level": "INFO", "message": "[insertmanyvalues 9/10 (ordered; batch not supported)] ('2026-02-23 00:00:00.000000', '[1, 2, 3, 4, 5]', '2026-03-03 20:45:17.815911')", "timestamp": "2026-03-03T20:45:17.818207Z", "logger": "sqlalchemy.engine.Engine", "module": "base", "function": "_execute_context", "line": 1844}
{"level": "INFO", "message": "INSERT INTO daily_challenges (challenge_date, question_ids, created_at) VALUES (?, ?, ?) RETURNING id", "timestamp": "2026-03-03T20:45:17.818304Z", "logger": "sqlalchemy.engine.Engine", "module": "base", "function": "_execute_context", "line": 1844}
{"level": "INFO", "message": "[insertmanyvalues 10/10 (ordered; batch not supported)] ('2026-02-22 00:00:00.000000', '[6, 7, 8, 9, 10]', '2026-03-03 20:45:17.815911')", "timestamp": "2026-03-03T20:45:17.818382Z", "logger": "sqlalchemy.engine.Engine", "module": "base", "function": "_execute_context", "line": 1844}
{"level": "INFO", "message": "COMMIT", "timestamp": "2026-03-03T20:45:17.818774Z", "logger": "sqlalchemy.engine.Engine", "module": "base", "function": "_connection_commit_impl", "line": 2707}
{"level": "INFO", "message": "Mock daily challenges seeded", "timestamp": "2026-03-03T20:45:17.821871Z", "logger": "app.main", "module": "main", "function": "lifespan", "line": 453}
{"level": "INFO", "message": "BEGIN (implicit)", "timestamp": "2026-03-03T20:45:17.822296Z", "logger": "sqlalchemy.engine.Engine", "module": "base", "function": "_connection_begin_impl", "line": 2701}
{"level": "INFO", "message": "SELECT count(*) AS count_1 \nFROM (SELECT user_challenge_progress.id AS user_challenge_progress_id, user_challenge_progress.user_id AS user_challenge_progress_user_id, user_challenge_progress.challenge_id AS user_challenge_progress_challenge_id, user_challenge_progress.completed_questions AS user_challenge_progress_completed_questions, user_challenge_progress.is_completed AS user_challenge_progress_is_completed, user_challenge_progress.xp_awarded AS user_challenge_progress_xp_awarded, user_challenge_progress.completed_at AS user_challenge_progress_completed_at, user_challenge_progress.created_at AS user_challenge_progress_created_at, user_challenge_progress.updated_at AS user_challenge_progress_updated_at \nFROM user_challenge_progress) AS anon_1", "timestamp": "2026-03-03T20:45:17.823867Z", "logger": "sqlalchemy.engine.Engine", "module": "base", "function": "_execute_context", "line": 1846}
{"level": "INFO", "message": "[generated in 0.00020s] ()", "timestamp": "2026-03-03T20:45:17.824030Z", "logger": "sqlalchemy.engine.Engine", "module": "base", "function": "_execute_context", "line": 1846}
{"level": "INFO", "message": "SELECT daily_challenges.id AS daily_challenges_id, daily_challenges.challenge_date AS daily_challenges_challenge_date, daily_challenges.question_ids AS daily_challenges_question_ids, daily_challenges.created_at AS daily_challenges_created_at \nFROM daily_challenges\n LIMIT ? OFFSET ?", "timestamp": "2026-03-03T20:45:17.824953Z", "logger": "sqlalchemy.engine.Engine", "module": "base", "function": "_execute_context", "line": 1846}
{"level": "INFO", "message": "[generated in 0.00028s] (10, 0)", "timestamp": "2026-03-03T20:45:17.825123Z", "logger": "sqlalchemy.engine.Engine", "module": "base", "function": "_execute_context", "line": 1846}
{"level": "INFO", "message": "SELECT users.id AS users_id, users.email AS users_email, users.username AS users_username, users.hashed_password AS users_hashed_password, users.full_name AS users_full_name, users.role AS users_role, users.is_active AS users_is_active, users.is_verified AS users_is_verified, users.subscription_type AS users_subscription_type, users.total_xp AS users_total_xp, users.challenge_streak AS users_challenge_streak, users.longest_challenge_streak AS users_longest_challenge_streak, users.created_at AS users_created_at, users.updated_at AS users_updated_at, users.last_login AS users_last_login \nFROM users \nWHERE users.id = ?", "timestamp": "2026-03-03T20:45:17.825900Z", "logger": "sqlalchemy.engine.Engine", "module": "base", "function": "_execute_context", "line": 1846}
{"level": "INFO", "message": "[cached since 0.06469s ago] (1,)", "timestamp": "2026-03-03T20:45:17.826036Z", "logger": "sqlalchemy.engine.Engine", "module": "base", "function": "_execute_context", "line": 1846}
{"level": "INFO", "message": "INSERT INTO user_challenge_progress (user_id, challenge_id, completed_questions, is_completed, xp_awarded, completed_at, created_at, updated_at) VALUES (?, ?, ?, ?, ?, ?, ?, ?) RETURNING id", "timestamp": "2026-03-03T20:45:17.827507Z", "logger": "sqlalchemy.engine.Engine", "module": "base", "function": "_execute_context", "line": 1844}
{"level": "INFO", "message": "[generated in 0.00029s (insertmanyvalues) 1/10 (ordered; batch not supported)] (1, 1, '[1, 2, 3, 4, 5]', 1, 1, '2026-03-03 20:45:17.825589', '2026-03-03 20:45:17.827357', '2026-03-03 20:45:17.827360')", "timestamp": "2026-03-03T20:45:17.827688Z", "logger": "sqlalchemy.engine.Engine", "module": "base", "function": "_execute_context", "line": 1844}
{"level": "INFO", "message": "INSERT INTO user_challenge_progress (user_id, challenge_id, completed_questions, is_completed, xp_awarded, completed_at, created_at, updated_at) VALUES (?, ?, ?, ?, ?, ?, ?, ?) RETURNING id", "timestamp": "2026-03-03T20:45:17.828090Z", "logger": "sqlalchemy.engine.Engine", "module": "base", "function": "_execute_context", "line": 1844}
{"level": "INFO", "message": "[insertmanyvalues 2/10 (ordered; batch not supported)] (1, 2, '[6, 7, 8]', 0, 0, None, '2026-03-03 20:45:17.827361', '2026-03-03 20:45:17.827361')", "timestamp": "2026-03-03T20:45:17.828202Z", "logger": "sqlalchemy.engine.Engine", "module": "base", "function": "_execute_context", "line": 1844}
{"level": "INFO", "message": "INSERT INTO user_challenge_progress (user_id, challenge_id, completed_questions, is_completed, xp_awarded, completed_at, created_at, updated_at) VALUES (?, ?, ?, ?, ?, ?, ?, ?) RETURNING id", "timestamp": "2026-03-03T20:45:17.828323Z", "logger": "sqlalchemy.engine.Engine", "module": "base", "function": "_execute_context", "line": 1844}
{"level": "INFO", "message": "[insertmanyvalues 3/10 (ordered; batch not supported)] (1, 3, '[1, 2, 3, 4, 5]', 1, 1, '2026-03-01 20:45:17.825589', '2026-03-03 20:45:17.827362', '2026-03-03 20:45:17.827363')", "timestamp": "2026-03-03T20:45:17.828404Z", "logger": "sqlalchemy.engine.Engine", "module": "base", "function": "_execute_context", "line": 1844}
{"level": "INFO", "message": "INSERT INTO user_challenge_progress (user_id, challenge_id, completed_questions, is_completed, xp_awarded, completed_at, created_at, updated_at) VALUES (?, ?, ?, ?, ?, ?, ?, ?) RETURNING id", "timestamp": "2026-03-03T20:45:17.828516Z", "logger": "sqlalchemy.engine.Engine", "module": "base", "function": "_execute_context", "line": 1844}
{"level": "INFO", "message": "[insertmanyvalues 4/10 (ordered; batch not supported)] (1, 4, '[6, 7, 8]', 0, 0, None, '2026-03-03 20:45:17.827363', '2026-03-03 20:45:17.827364')", "timestamp": "2026-03-03T20:45:17.828597Z", "logger": "sqlalchemy.engine.Engine", "module": "base", "function": "_execute_context", "line": 1844}
{"level": "INFO", "message": "INSERT INTO user_challenge_progress (user_id, challenge_id, completed_questions, is_completed, xp_awarded, completed_at, created_at, updated_at) VALUES (?, ?, ?, ?, ?, ?, ?, ?) RETURNING id", "timestamp": "2026-03-03T20:45:17.828706Z", "logger": "sqlalchemy.engine.Engine", "module": "base", "function": "_execute_context", "line": 1844}
{"level": "INFO", "message": "[insertmanyvalues 5/10 (ordered; batch not supported)] (1, 5, '[1, 2, 3, 4, 5]', 1, 1, '2026-02-27 20:45:17.825589', '2026-03-03 20:45:17.827364', '2026-03-03 20:45:17.827365')", "timestamp": "2026-03-03T20:45:17.828794Z", "logger": "sqlalchemy.engine.Engine", "module": "base", "function": "_execute_context", "line": 1844}
{"level": "INFO", "message": "INSERT INTO user_challenge_progress (user_id, challenge_id, completed_questions, is_completed, xp_awarded, completed_at, created_at, updated_at) VALUES (?, ?, ?, ?, ?, ?, ?, ?) RETURNING id", "timestamp": "2026-03-03T20:45:17.828918Z", "logger": "sqlalchemy.engine.Engine", "module": "base", "function": "_execute_context", "line": 1844}
{"level": "INFO", "message": "[insertmanyvalues 6/10 (ordered; batch not supported)] (1, 6, '[6, 7, 8]', 0, 0, None, '2026-03-03 20:45:17.827365', '2026-03-03 20:45:17.827366')", "timestamp": "2026-03-03T20:45:17.828996Z", "logger": "sqlalchemy.engine.Engine", "module": "base", "function": "_execute_context", "line": 1844}
{"level": "INFO", "message": "INSERT INTO user_challenge_progress (user_id, challenge_id, completed_questions, is_completed, xp_awarded, completed_at, created_at, updated_at) VALUES (?, ?, ?, ?, ?, ?, ?, ?) RETURNING id", "timestamp": "2026-03-03T20:45:17.829097Z", "logger": "sqlalchemy.engine.Engine", "module": "base", "function": "_execute_context", "line": 1844}
{"level": "INFO", "message": "[insertmanyvalues 7/10 (ordered; batch not supported)] (1, 7, '[1, 2, 3, 4, 5]', 1, 1, '2026-02-25 20:45:17.825589', '2026-03-03 20:45:17.827366', '2026-03-03 20:45:17.827367')", "timestamp": "2026-03-03T20:45:17.829184Z", "logger": "sqlalchemy.engine.Engine", "module": "base", "function": "_execute_context", "line": 1844}
{"level": "INFO", "message": "INSERT INTO user_challenge_progress (user_id, challenge_id, completed_questions, is_completed, xp_awarded, completed_at, created_at, updated_at) VALUES (?, ?, ?, ?, ?, ?, ?, ?) RETURNING id", "timestamp": "2026-03-03T20:45:17.829301Z", "logger": "sqlalchemy.engine.Engine", "module": "base", "function": "_execute_context", "line": 1844}
{"level": "INFO", "message": "[insertmanyvalues 8/10 (ordered; batch not supported)] (1, 8, '[6, 7, 8]', 0, 0, None, '2026-03-03 20:45:17.827367', '2026-03-03 20:45:17.827368')", "timestamp": "2026-03-03T20:45:17.829382Z", "logger": "sqlalchemy.engine.Engine", "module": "base", "function": "_execute_context", "line": 1844}
{"level": "INFO", "message": "INSERT INTO user_challenge_progress (user_id, challenge_id, completed_questions, is_completed, xp_awarded, completed_at, created_at, updated_at) VALUES (?, ?, ?, ?, ?, ?, ?, ?) RETURNING id", "timestamp": "2026-03-03T20:45:17.829479Z", "logger": "sqlalchemy.engine.Engine", "module": "base", "function": "_execute_context", "line": 1844}
{"level": "INFO", "message": "[insertmanyvalues 9/10 (ordered; batch not supported)] (1, 9, '[1, 2, 3, 4, 5]', 1, 1, '2026-02-23 20:45:17.825589', '2026-03-03 20:45:17.827368', '2026-03-03 20:45:17.827369')", "timestamp": "2026-03-03T20:45:17.829564Z", "logger": "sqlalchemy.engine.Engine", "module": "base", "function": "_execute_context", "line": 1844}
{"level": "INFO", "message": "INSERT INTO user_challenge_progress (user_id, challenge_id, completed_questions, is_completed, xp_awarded, completed_at, created_at, updated_at) VALUES (?, ?, ?, ?, ?, ?, ?, ?) RETURNING id", "timestamp": "2026-03-03T20:45:17.829669Z", "logger": "sqlalchemy.engine.Engine", "module": "base", "function": "_execute_context", "line": 1844}
{"level": "INFO", "message": "[insertmanyvalues 10/10 (ordered; batch not supported)] (1, 10, '[6, 7, 8]', 0, 0, None, '2026-03-03 20:45:17.827369', '2026-03-03 20:45:17.827370')", "timestamp": "2026-03-03T20:45:17.829750Z", "logger": "sqlalchemy.engine.Engine", "module": "base", "function": "_execute_context", "line": 1844}
{"level": "INFO", "message": "COMMIT", "timestamp": "2026-03-03T20:45:17.830215Z", "logger": "sqlalchemy.engine.Engine", "module": "base", "function": "_connection_commit_impl", "line": 2707}
{"level": "INFO", "message": "Mock challenge progress seeded", "timestamp": "2026-03-03T20:45:17.833966Z", "logger": "app.main", "module": "main", "function": "lifespan", "line": 478}
{"level": "INFO", "message": "Application startup complete", "timestamp": "2026-03-03T20:45:17.834194Z", "logger": "app.main", "module": "main", "function": "lifespan", "line": 485}
{"level": "INFO", "message": "Request started: GET /docs", "timestamp": "2026-03-03T20:45:18.390457Z", "logger": "app.presentation.middleware.auth_middleware", "module": "auth_middleware", "function": "dispatch", "line": 30, "request_id": "3149e638"}
{"level": "INFO", "message": "Request completed: GET /docs - 200", "timestamp": "2026-03-03T20:45:18.391312Z", "logger": "app.presentation.middleware.auth_middleware", "module": "auth_middleware", "function": "dispatch", "line": 39, "request_id": "3149e638", "extra_data": {"status_code": 200}}
{"level": "INFO", "message": "Request started: GET /openapi.json", "timestamp": "2026-03-03T20:45:18.476524Z", "logger": "app.presentation.middleware.auth_middleware", "module": "auth_middleware", "function": "dispatch", "line": 30, "request_id": "8ed4843d"}
{"level": "INFO", "message": "Request completed: GET /openapi.json - 200", "timestamp": "2026-03-03T20:45:18.516338Z", "logger": "app.presentation.middleware.auth_middleware", "module": "auth_middleware", "function": "dispatch", "line": 39, "request_id": "8ed4843d", "extra_data": {"status_code": 200}}
{"level": "INFO", "message": "Request started: GET /docs", "timestamp": "2026-03-03T20:45:18.542092Z", "logger": "app.presentation.middleware.auth_middleware", "module": "auth_middleware", "function": "dispatch", "line": 30, "request_id": "994da511"}
{"level": "INFO", "message": "Request completed: GET /docs - 200", "timestamp": "2026-03-03T20:45:18.542890Z", "logger": "app.presentation.middleware.auth_middleware", "module": "auth_middleware", "function": "dispatch", "line": 39, "request_id": "994da511", "extra_data": {"status_code": 200}}
{"level": "INFO", "message": "Request started: GET /openapi.json", "timestamp": "2026-03-03T20:45:18.718045Z", "logger": "app.presentation.middleware.auth_middleware", "module": "auth_middleware", "function": "dispatch", "line": 30, "request_id": "c7162528"}
{"level": "INFO", "message": "Request completed: GET /openapi.json - 200", "timestamp": "2026-03-03T20:45:18.719145Z", "logger": "app.presentation.middleware.auth_middleware", "module": "auth_middleware", "function": "dispatch", "line": 39, "request_id": "c7162528", "extra_data": {"status_code": 200}}
{"level": "INFO", "message": "Request started: GET /docs", "timestamp": "2026-03-03T20:45:18.738949Z", "logger": "app.presentation.middleware.auth_middleware", "module": "auth_middleware", "function": "dispatch", "line": 30, "request_id": "ee3e3ca3"}
{"level": "INFO", "message": "Request completed: GET /docs - 200", "timestamp": "2026-03-03T20:45:18.739588Z", "logger": "app.presentation.middleware.auth_middleware", "module": "auth_middleware", "function": "dispatch", "line": 39, "request_id": "ee3e3ca3", "extra_data": {"status_code": 200}}
{"level": "INFO", "message": "Request started: GET /openapi.json", "timestamp": "2026-03-03T20:45:18.872639Z", "logger": "app.presentation.middleware.auth_middleware", "module": "auth_middleware", "function": "dispatch", "line": 30, "request_id": "9a34548f"}
{"level": "INFO", "message": "Request completed: GET /openapi.json - 200", "timestamp": "2026-03-03T20:45:18.874030Z", "logger": "app.presentation.middleware.auth_middleware", "module": "auth_middleware", "function": "dispatch", "line": 39, "request_id": "9a34548f", "extra_data": {"status_code": 200}}
{"level": "INFO", "message": "Request started: POST /api/v1/auth/login", "timestamp": "2026-03-03T20:45:22.343593Z", "logger": "app.presentation.middleware.auth_middleware", "module": "auth_middleware", "function": "dispatch", "line": 30, "request_id": "8543b65e"}
{"level": "INFO", "message": "BEGIN (implicit)", "timestamp": "2026-03-03T20:45:22.346675Z", "logger": "sqlalchemy.engine.Engine", "module": "base", "function": "_connection_begin_impl", "line": 2701}
{"level": "INFO", "message": "SELECT users.id AS users_id, users.email AS users_email, users.username AS users_username, users.hashed_password AS users_hashed_password, users.full_name AS users_full_name, users.role AS users_role, users.is_active AS users_is_active, users.is_verified AS users_is_verified, users.subscription_type AS users_subscription_type, users.total_xp AS users_total_xp, users.challenge_streak AS users_challenge_streak, users.longest_challenge_streak AS users_longest_challenge_streak, users.created_at AS users_created_at, users.updated_at AS users_updated_at, users.last_login AS users_last_login \nFROM users \nWHERE users.email = ?\n LIMIT ? OFFSET ?", "timestamp": "2026-03-03T20:45:22.347064Z", "logger": "sqlalchemy.engine.Engine", "module": "base", "function": "_execute_context", "line": 1846}
{"level": "INFO", "message": "[cached since 6.617s ago] ('admin', 1, 0)", "timestamp": "2026-03-03T20:45:22.347276Z", "logger": "sqlalchemy.engine.Engine", "module": "base", "function": "_execute_context", "line": 1846}
{"level": "INFO", "message": "SELECT users.id AS users_id, users.email AS users_email, users.username AS users_username, users.hashed_password AS users_hashed_password, users.full_name AS users_full_name, users.role AS users_role, users.is_active AS users_is_active, users.is_verified AS users_is_verified, users.subscription_type AS users_subscription_type, users.total_xp AS users_total_xp, users.challenge_streak AS users_challenge_streak, users.longest_challenge_streak AS users_longest_challenge_streak, users.created_at AS users_created_at, users.updated_at AS users_updated_at, users.last_login AS users_last_login \nFROM users \nWHERE users.username = ?\n LIMIT ? OFFSET ?", "timestamp": "2026-03-03T20:45:22.348779Z", "logger": "sqlalchemy.engine.Engine", "module": "base", "function": "_execute_context", "line": 1846}
{"level": "INFO", "message": "[generated in 0.00042s] ('admin', 1, 0)", "timestamp": "2026-03-03T20:45:22.349110Z", "logger": "sqlalchemy.engine.Engine", "module": "base", "function": "_execute_context", "line": 1846}
{"level": "INFO", "message": "SELECT users.id AS users_id, users.email AS users_email, users.username AS users_username, users.hashed_password AS users_hashed_password, users.full_name AS users_full_name, users.role AS users_role, users.is_active AS users_is_active, users.is_verified AS users_is_verified, users.subscription_type AS users_subscription_type, users.total_xp AS users_total_xp, users.challenge_streak AS users_challenge_streak, users.longest_challenge_streak AS users_longest_challenge_streak, users.created_at AS users_created_at, users.updated_at AS users_updated_at, users.last_login AS users_last_login \nFROM users \nWHERE users.id = ?\n LIMIT ? OFFSET ?", "timestamp": "2026-03-03T20:45:22.577861Z", "logger": "sqlalchemy.engine.Engine", "module": "base", "function": "_execute_context", "line": 1846}
{"level": "INFO", "message": "[generated in 0.00045s] (1, 1, 0)", "timestamp": "2026-03-03T20:45:22.578209Z", "logger": "sqlalchemy.engine.Engine", "module": "base", "function": "_execute_context", "line": 1846}
{"level": "INFO", "message": "UPDATE users SET updated_at=?, last_login=? WHERE users.id = ?", "timestamp": "2026-03-03T20:45:22.579839Z", "logger": "sqlalchemy.engine.Engine", "module": "base", "function": "_execute_context", "line": 1846}
{"level": "INFO", "message": "[generated in 0.00035s] ('2026-03-03 20:45:22.579739', '2026-03-03 20:45:22.578731', 1)", "timestamp": "2026-03-03T20:45:22.580034Z", "logger": "sqlalchemy.engine.Engine", "module": "base", "function": "_execute_context", "line": 1846}
{"level": "INFO", "message": "COMMIT", "timestamp": "2026-03-03T20:45:22.580523Z", "logger": "sqlalchemy.engine.Engine", "module": "base", "function": "_connection_commit_impl", "line": 2707}
{"level": "INFO", "message": "User authenticated successfully", "timestamp": "2026-03-03T20:45:22.593024Z", "logger": "app.application.services.auth_service", "module": "auth_service", "function": "authenticate_user", "line": 101, "user_id": 1}
{"level": "INFO", "message": "Request completed: POST /api/v1/auth/login - 200", "timestamp": "2026-03-03T20:45:22.595331Z", "logger": "app.presentation.middleware.auth_middleware", "module": "auth_middleware", "function": "dispatch", "line": 39, "request_id": "8543b65e", "extra_data": {"status_code": 200}}
{"level": "INFO", "message": "Request started: GET /api/v1/users/1", "timestamp": "2026-03-03T20:45:25.776244Z", "logger": "app.presentation.middleware.auth_middleware", "module": "auth_middleware", "function": "dispatch", "line": 30, "request_id": "da527e92"}
{"level": "INFO", "message": "BEGIN (implicit)", "timestamp": "2026-03-03T20:45:25.778057Z", "logger": "sqlalchemy.engine.Engine", "module": "base", "function": "_connection_begin_impl", "line": 2701}
{"level": "INFO", "message": "SELECT users.id AS users_id, users.email AS users_email, users.username AS users_username, users.hashed_password AS users_hashed_password, users.full_name AS users_full_name, users.role AS users_role, users.is_active AS users_is_active, users.is_verified AS users_is_verified, users.subscription_type AS users_subscription_type, users.total_xp AS users_total_xp, users.challenge_streak AS users_challenge_streak, users.longest_challenge_streak AS users_longest_challenge_streak, users.created_at AS users_created_at, users.updated_at AS users_updated_at, users.last_login AS users_last_login \nFROM users \nWHERE users.id = ?\n LIMIT ? OFFSET ?", "timestamp": "2026-03-03T20:45:25.778427Z", "logger": "sqlalchemy.engine.Engine", "module": "base", "function": "_execute_context", "line": 1846}
{"level": "INFO", "message": "[cached since 3.201s ago] (1, 1, 0)", "timestamp": "2026-03-03T20:45:25.778565Z", "logger": "sqlalchemy.engine.Engine", "module": "base", "function": "_execute_context", "line": 1846}
{"level": "INFO", "message": "SELECT users.id AS users_id, users.email AS users_email, users.username AS users_username, users.hashed_password AS users_hashed_password, users.full_name AS users_full_name, users.role AS users_role, users.is_active AS users_is_active, users.is_verified AS users_is_verified, users.subscription_type AS users_subscription_type, users.total_xp AS users_total_xp, users.challenge_streak AS users_challenge_streak, users.longest_challenge_streak AS users_longest_challenge_streak, users.created_at AS users_created_at, users.updated_at AS users_updated_at, users.last_login AS users_last_login \nFROM users \nWHERE users.id = ?\n LIMIT ? OFFSET ?", "timestamp": "2026-03-03T20:45:25.779507Z", "logger": "sqlalchemy.engine.Engine", "module": "base", "function": "_execute_context", "line": 1846}
{"level": "INFO", "message": "[cached since 3.202s ago] (1, 1, 0)", "timestamp": "2026-03-03T20:45:25.779668Z", "logger": "sqlalchemy.engine.Engine", "module": "base", "function": "_execute_context", "line": 1846}
{"level": "INFO", "message": "ROLLBACK", "timestamp": "2026-03-03T20:45:25.780634Z", "logger": "sqlalchemy.engine.Engine", "module": "base", "function": "_connection_rollback_impl", "line": 2704}
{"level": "ERROR", "message": "Request failed: GET /api/v1/users/1", "timestamp": "2026-03-03T20:45:25.781152Z", "logger": "app.presentation.middleware.auth_middleware", "module": "auth_middleware", "function": "dispatch", "line": 52, "request_id": "da527e92", "exception": "Traceback (most recent call last):\n  File \"/usr/local/lib/python3.13/dist-packages/starlette/middleware/base.py\", line 157, in call_next\n    message = await recv_stream.receive()\n              ^^^^^^^^^^^^^^^^^^^^^^^^^^^\n  File \"/usr/local/lib/python3.13/dist-packages/anyio/streams/memory.py\", line 132, in receive\n    raise EndOfStream from None\nanyio.EndOfStream\n\nDuring handling of the above exception, another exception occurred:\n\nTraceback (most recent call last):\n  File \"/testbed/qa/app/presentation/middleware/auth_middleware.py\", line 36, in dispatch\n    response = await call_next(request)\n               ^^^^^^^^^^^^^^^^^^^^^^^^\n  File \"/usr/local/lib/python3.13/dist-packages/starlette/middleware/base.py\", line 163, in call_next\n    raise app_exc\n  File \"/usr/local/lib/python3.13/dist-packages/starlette/middleware/base.py\", line 149, in coro\n    await self.app(scope, receive_or_disconnect, send_no_error)\n  File \"/usr/local/lib/python3.13/dist-packages/starlette/middleware/cors.py\", line 85, in __call__\n    await self.app(scope, receive, send)\n  File \"/usr/local/lib/python3.13/dist-packages/starlette/middleware/exceptions.py\", line 62, in __call__\n    await wrap_app_handling_exceptions(self.app, conn)(scope, receive, send)\n  File \"/usr/local/lib/python3.13/dist-packages/starlette/_exception_handler.py\", line 62, in wrapped_app\n    raise exc\n  File \"/usr/local/lib/python3.13/dist-packages/starlette/_exception_handler.py\", line 51, in wrapped_app\n    await app(scope, receive, sender)\n  File \"/usr/local/lib/python3.13/dist-packages/starlette/routing.py\", line 715, in __call__\n    await self.middleware_stack(scope, receive, send)\n  File \"/usr/local/lib/python3.13/dist-packages/starlette/routing.py\", line 735, in app\n    await route.handle(scope, receive, send)\n  File \"/usr/local/lib/python3.13/dist-packages/starlette/routing.py\", line 288, in handle\n    await self.app(scope, receive, send)\n  File \"/usr/local/lib/python3.13/dist-packages/starlette/routing.py\", line 76, in app\n    await wrap_app_handling_exceptions(app, request)(scope, receive, send)\n  File \"/usr/local/lib/python3.13/dist-packages/starlette/_exception_handler.py\", line 62, in wrapped_app\n    raise exc\n  File \"/usr/local/lib/python3.13/dist-packages/starlette/_exception_handler.py\", line 51, in wrapped_app\n    await app(scope, receive, sender)\n  File \"/usr/local/lib/python3.13/dist-packages/starlette/routing.py\", line 73, in app\n    response = await f(request)\n               ^^^^^^^^^^^^^^^^\n  File \"/usr/local/lib/python3.13/dist-packages/fastapi/routing.py\", line 301, in app\n    raw_response = await run_endpoint_function(\n                   ^^^^^^^^^^^^^^^^^^^^^^^^^^^^\n    ...<3 lines>...\n    )\n    ^\n  File \"/usr/local/lib/python3.13/dist-packages/fastapi/routing.py\", line 212, in run_endpoint_function\n    return await dependant.call(**values)\n           ^^^^^^^^^^^^^^^^^^^^^^^^^^^^^^\n  File \"/testbed/qa/app/presentation/api/endpoints/users.py\", line 59, in get_user\n    return UserResponse(\n        id=user.id,\n    ...<9 lines>...\n        last_login=user.last_login\n    )\n  File \"/usr/local/lib/python3.13/dist-packages/pydantic/main.py\", line 212, in __init__\n    validated_self = self.__pydantic_validator__.validate_python(data, self_instance=self)\npydantic_core._pydantic_core.ValidationError: 2 validation errors for UserResponse\nchallenge_streak\n  Field required [type=missing, input_value={'id': 1, 'email': 'admin... 3, 20, 45, 22, 578731)}, input_type=dict]\n    For further information visit https://errors.pydantic.dev/2.9/v/missing\nlongest_challenge_streak\n  Field required [type=missing, input_value={'id': 1, 'email': 'admin... 3, 20, 45, 22, 578731)}, input_type=dict]\n    For further information visit https://errors.pydantic.dev/2.9/v/missing"}
{"level": "INFO", "message": "Request started: GET /api/v1/users/me", "timestamp": "2026-03-03T20:45:29.272554Z", "logger": "app.presentation.middleware.auth_middleware", "module": "auth_middleware", "function": "dispatch", "line": 30, "request_id": "57dd8c1f"}
{"level": "INFO", "message": "BEGIN (implicit)", "timestamp": "2026-03-03T20:45:29.273994Z", "logger": "sqlalchemy.engine.Engine", "module": "base", "function": "_connection_begin_impl", "line": 2701}
{"level": "INFO", "message": "SELECT users.id AS users_id, users.email AS users_email, users.username AS users_username, users.hashed_password AS users_hashed_password, users.full_name AS users_full_name, users.role AS users_role, users.is_active AS users_is_active, users.is_verified AS users_is_verified, users.subscription_type AS users_subscription_type, users.total_xp AS users_total_xp, users.challenge_streak AS users_challenge_streak, users.longest_challenge_streak AS users_longest_challenge_streak, users.created_at AS users_created_at, users.updated_at AS users_updated_at, users.last_login AS users_last_login \nFROM users \nWHERE users.id = ?\n LIMIT ? OFFSET ?", "timestamp": "2026-03-03T20:45:29.274362Z", "logger": "sqlalchemy.engine.Engine", "module": "base", "function": "_execute_context", "line": 1846}
{"level": "INFO", "message": "[cached since 6.697s ago] (1, 1, 0)", "timestamp": "2026-03-03T20:45:29.274512Z", "logger": "sqlalchemy.engine.Engine", "module": "base", "function": "_execute_context", "line": 1846}
{"level": "INFO", "message": "ROLLBACK", "timestamp": "2026-03-03T20:45:29.275393Z", "logger": "sqlalchemy.engine.Engine", "module": "base", "function": "_connection_rollback_impl", "line": 2704}
{"level": "ERROR", "message": "Request failed: GET /api/v1/users/me", "timestamp": "2026-03-03T20:45:29.275699Z", "logger": "app.presentation.middleware.auth_middleware", "module": "auth_middleware", "function": "dispatch", "line": 52, "request_id": "57dd8c1f", "exception": "Traceback (most recent call last):\n  File \"/usr/local/lib/python3.13/dist-packages/starlette/middleware/base.py\", line 157, in call_next\n    message = await recv_stream.receive()\n              ^^^^^^^^^^^^^^^^^^^^^^^^^^^\n  File \"/usr/local/lib/python3.13/dist-packages/anyio/streams/memory.py\", line 132, in receive\n    raise EndOfStream from None\nanyio.EndOfStream\n\nDuring handling of the above exception, another exception occurred:\n\nTraceback (most recent call last):\n  File \"/testbed/qa/app/presentation/middleware/auth_middleware.py\", line 36, in dispatch\n    response = await call_next(request)\n               ^^^^^^^^^^^^^^^^^^^^^^^^\n  File \"/usr/local/lib/python3.13/dist-packages/starlette/middleware/base.py\", line 163, in call_next\n    raise app_exc\n  File \"/usr/local/lib/python3.13/dist-packages/starlette/middleware/base.py\", line 149, in coro\n    await self.app(scope, receive_or_disconnect, send_no_error)\n  File \"/usr/local/lib/python3.13/dist-packages/starlette/middleware/cors.py\", line 85, in __call__\n    await self.app(scope, receive, send)\n  File \"/usr/local/lib/python3.13/dist-packages/starlette/middleware/exceptions.py\", line 62, in __call__\n    await wrap_app_handling_exceptions(self.app, conn)(scope, receive, send)\n  File \"/usr/local/lib/python3.13/dist-packages/starlette/_exception_handler.py\", line 62, in wrapped_app\n    raise exc\n  File \"/usr/local/lib/python3.13/dist-packages/starlette/_exception_handler.py\", line 51, in wrapped_app\n    await app(scope, receive, sender)\n  File \"/usr/local/lib/python3.13/dist-packages/starlette/routing.py\", line 715, in __call__\n    await self.middleware_stack(scope, receive, send)\n  File \"/usr/local/lib/python3.13/dist-packages/starlette/routing.py\", line 735, in app\n    await route.handle(scope, receive, send)\n  File \"/usr/local/lib/python3.13/dist-packages/starlette/routing.py\", line 288, in handle\n    await self.app(scope, receive, send)\n  File \"/usr/local/lib/python3.13/dist-packages/starlette/routing.py\", line 76, in app\n    await wrap_app_handling_exceptions(app, request)(scope, receive, send)\n  File \"/usr/local/lib/python3.13/dist-packages/starlette/_exception_handler.py\", line 62, in wrapped_app\n    raise exc\n  File \"/usr/local/lib/python3.13/dist-packages/starlette/_exception_handler.py\", line 51, in wrapped_app\n    await app(scope, receive, sender)\n  File \"/usr/local/lib/python3.13/dist-packages/starlette/routing.py\", line 73, in app\n    response = await f(request)\n               ^^^^^^^^^^^^^^^^\n  File \"/usr/local/lib/python3.13/dist-packages/fastapi/routing.py\", line 301, in app\n    raw_response = await run_endpoint_function(\n                   ^^^^^^^^^^^^^^^^^^^^^^^^^^^^\n    ...<3 lines>...\n    )\n    ^\n  File \"/usr/local/lib/python3.13/dist-packages/fastapi/routing.py\", line 212, in run_endpoint_function\n    return await dependant.call(**values)\n           ^^^^^^^^^^^^^^^^^^^^^^^^^^^^^^\n  File \"/testbed/qa/app/presentation/api/endpoints/users.py\", line 24, in get_current_user_info\n    return UserResponse(\n        id=current_user.id,\n    ...<9 lines>...\n        last_login=current_user.last_login\n    )\n  File \"/usr/local/lib/python3.13/dist-packages/pydantic/main.py\", line 212, in __init__\n    validated_self = self.__pydantic_validator__.validate_python(data, self_instance=self)\npydantic_core._pydantic_core.ValidationError: 2 validation errors for UserResponse\nchallenge_streak\n  Field required [type=missing, input_value={'id': 1, 'email': 'admin... 3, 20, 45, 22, 578731)}, input_type=dict]\n    For further information visit https://errors.pydantic.dev/2.9/v/missing\nlongest_challenge_streak\n  Field required [type=missing, input_value={'id': 1, 'email': 'admin... 3, 20, 45, 22, 578731)}, input_type=dict]\n    For further information visit https://errors.pydantic.dev/2.9/v/missing"}
{"level": "INFO", "message": "Request started: GET /api/v1/subscriptions/", "timestamp": "2026-03-03T20:45:32.899505Z", "logger": "app.presentation.middleware.auth_middleware", "module": "auth_middleware", "function": "dispatch", "line": 30, "request_id": "275bbf94"}
{"level": "INFO", "message": "BEGIN (implicit)", "timestamp": "2026-03-03T20:45:32.900924Z", "logger": "sqlalchemy.engine.Engine", "module": "base", "function": "_connection_begin_impl", "line": 2701}
{"level": "INFO", "message": "SELECT users.id AS users_id, users.email AS users_email, users.username AS users_username, users.hashed_password AS users_hashed_password, users.full_name AS users_full_name, users.role AS users_role, users.is_active AS users_is_active, users.is_verified AS users_is_verified, users.subscription_type AS users_subscription_type, users.total_xp AS users_total_xp, users.challenge_streak AS users_challenge_streak, users.longest_challenge_streak AS users_longest_challenge_streak, users.created_at AS users_created_at, users.updated_at AS users_updated_at, users.last_login AS users_last_login \nFROM users \nWHERE users.id = ?\n LIMIT ? OFFSET ?", "timestamp": "2026-03-03T20:45:32.901331Z", "logger": "sqlalchemy.engine.Engine", "module": "base", "function": "_execute_context", "line": 1846}
{"level": "INFO", "message": "[cached since 10.32s ago] (1, 1, 0)", "timestamp": "2026-03-03T20:45:32.901495Z", "logger": "sqlalchemy.engine.Engine", "module": "base", "function": "_execute_context", "line": 1846}
{"level": "INFO", "message": "SELECT subscriptions.id AS subscriptions_id, subscriptions.user_id AS subscriptions_user_id, subscriptions.\"plan\" AS subscriptions_plan, subscriptions.status AS subscriptions_status, subscriptions.start_date AS subscriptions_start_date, subscriptions.end_date AS subscriptions_end_date, subscriptions.auto_renew AS subscriptions_auto_renew, subscriptions.payment_method AS subscriptions_payment_method, subscriptions.transaction_id AS subscriptions_transaction_id, subscriptions.created_at AS subscriptions_created_at, subscriptions.updated_at AS subscriptions_updated_at, subscriptions.cancelled_at AS subscriptions_cancelled_at \nFROM subscriptions\n LIMIT ? OFFSET ?", "timestamp": "2026-03-03T20:45:32.903581Z", "logger": "sqlalchemy.engine.Engine", "module": "base", "function": "_execute_context", "line": 1846}
{"level": "INFO", "message": "[generated in 0.00029s] (100, 0)", "timestamp": "2026-03-03T20:45:32.903802Z", "logger": "sqlalchemy.engine.Engine", "module": "base", "function": "_execute_context", "line": 1846}
{"level": "INFO", "message": "ROLLBACK", "timestamp": "2026-03-03T20:45:32.904554Z", "logger": "sqlalchemy.engine.Engine", "module": "base", "function": "_connection_rollback_impl", "line": 2704}
{"level": "INFO", "message": "Request completed: GET /api/v1/subscriptions/ - 200", "timestamp": "2026-03-03T20:45:32.905094Z", "logger": "app.presentation.middleware.auth_middleware", "module": "auth_middleware", "function": "dispatch", "line": 39, "request_id": "275bbf94", "extra_data": {"status_code": 200}}
{"level": "INFO", "message": "Request started: GET /api/v1/flashcards/", "timestamp": "2026-03-03T20:45:38.136014Z", "logger": "app.presentation.middleware.auth_middleware", "module": "auth_middleware", "function": "dispatch", "line": 30, "request_id": "fd963130"}
{"level": "INFO", "message": "BEGIN (implicit)", "timestamp": "2026-03-03T20:45:38.138379Z", "logger": "sqlalchemy.engine.Engine", "module": "base", "function": "_connection_begin_impl", "line": 2701}
{"level": "INFO", "message": "SELECT users.id AS users_id, users.email AS users_email, users.username AS users_username, users.hashed_password AS users_hashed_password, users.full_name AS users_full_name, users.role AS users_role, users.is_active AS users_is_active, users.is_verified AS users_is_verified, users.subscription_type AS users_subscription_type, users.total_xp AS users_total_xp, users.challenge_streak AS users_challenge_streak, users.longest_challenge_streak AS users_longest_challenge_streak, users.created_at AS users_created_at, users.updated_at AS users_updated_at, users.last_login AS users_last_login \nFROM users \nWHERE users.id = ?\n LIMIT ? OFFSET ?", "timestamp": "2026-03-03T20:45:38.139073Z", "logger": "sqlalchemy.engine.Engine", "module": "base", "function": "_execute_context", "line": 1846}
{"level": "INFO", "message": "[cached since 15.56s ago] (1, 1, 0)", "timestamp": "2026-03-03T20:45:38.139328Z", "logger": "sqlalchemy.engine.Engine", "module": "base", "function": "_execute_context", "line": 1846}
{"level": "INFO", "message": "SELECT flashcards.id AS flashcards_id, flashcards.word_front AS flashcards_word_front, flashcards.word_back AS flashcards_word_back, flashcards.example_sentences AS flashcards_example_sentences, flashcards.created_by AS flashcards_created_by, flashcards.created_at AS flashcards_created_at, flashcards.updated_at AS flashcards_updated_at \nFROM flashcards\n LIMIT ? OFFSET ?", "timestamp": "2026-03-03T20:45:38.141235Z", "logger": "sqlalchemy.engine.Engine", "module": "base", "function": "_execute_context", "line": 1846}
{"level": "INFO", "message": "[generated in 0.00030s] (100, 0)", "timestamp": "2026-03-03T20:45:38.141474Z", "logger": "sqlalchemy.engine.Engine", "module": "base", "function": "_execute_context", "line": 1846}
{"level": "INFO", "message": "ROLLBACK", "timestamp": "2026-03-03T20:45:38.142627Z", "logger": "sqlalchemy.engine.Engine", "module": "base", "function": "_connection_rollback_impl", "line": 2704}
{"level": "INFO", "message": "Request completed: GET /api/v1/flashcards/ - 200", "timestamp": "2026-03-03T20:45:38.143263Z", "logger": "app.presentation.middleware.auth_middleware", "module": "auth_middleware", "function": "dispatch", "line": 39, "request_id": "fd963130", "extra_data": {"status_code": 200}}
{"level": "INFO", "message": "Request started: GET /api/v1/flashcards/", "timestamp": "2026-03-03T20:45:38.424406Z", "logger": "app.presentation.middleware.auth_middleware", "module": "auth_middleware", "function": "dispatch", "line": 30, "request_id": "934c2bd4"}
{"level": "INFO", "message": "BEGIN (implicit)", "timestamp": "2026-03-03T20:45:38.425761Z", "logger": "sqlalchemy.engine.Engine", "module": "base", "function": "_connection_begin_impl", "line": 2701}
{"level": "INFO", "message": "SELECT users.id AS users_id, users.email AS users_email, users.username AS users_username, users.hashed_password AS users_hashed_password, users.full_name AS users_full_name, users.role AS users_role, users.is_active AS users_is_active, users.is_verified AS users_is_verified, users.subscription_type AS users_subscription_type, users.total_xp AS users_total_xp, users.challenge_streak AS users_challenge_streak, users.longest_challenge_streak AS users_longest_challenge_streak, users.created_at AS users_created_at, users.updated_at AS users_updated_at, users.last_login AS users_last_login \nFROM users \nWHERE users.id = ?\n LIMIT ? OFFSET ?", "timestamp": "2026-03-03T20:45:38.426076Z", "logger": "sqlalchemy.engine.Engine", "module": "base", "function": "_execute_context", "line": 1846}
{"level": "INFO", "message": "[cached since 15.85s ago] (1, 1, 0)", "timestamp": "2026-03-03T20:45:38.426201Z", "logger": "sqlalchemy.engine.Engine", "module": "base", "function": "_execute_context", "line": 1846}
{"level": "INFO", "message": "SELECT flashcards.id AS flashcards_id, flashcards.word_front AS flashcards_word_front, flashcards.word_back AS flashcards_word_back, flashcards.example_sentences AS flashcards_example_sentences, flashcards.created_by AS flashcards_created_by, flashcards.created_at AS flashcards_created_at, flashcards.updated_at AS flashcards_updated_at \nFROM flashcards\n LIMIT ? OFFSET ?", "timestamp": "2026-03-03T20:45:38.427791Z", "logger": "sqlalchemy.engine.Engine", "module": "base", "function": "_execute_context", "line": 1846}
{"level": "INFO", "message": "[cached since 0.2868s ago] (100, 0)", "timestamp": "2026-03-03T20:45:38.427944Z", "logger": "sqlalchemy.engine.Engine", "module": "base", "function": "_execute_context", "line": 1846}
{"level": "INFO", "message": "ROLLBACK", "timestamp": "2026-03-03T20:45:38.428564Z", "logger": "sqlalchemy.engine.Engine", "module": "base", "function": "_connection_rollback_impl", "line": 2704}
{"level": "INFO", "message": "Request completed: GET /api/v1/flashcards/ - 200", "timestamp": "2026-03-03T20:45:38.428848Z", "logger": "app.presentation.middleware.auth_middleware", "module": "auth_middleware", "function": "dispatch", "line": 39, "request_id": "934c2bd4", "extra_data": {"status_code": 200}}
{"level": "INFO", "message": "Request started: GET /api/v1/questions/", "timestamp": "2026-03-03T20:45:44.022835Z", "logger": "app.presentation.middleware.auth_middleware", "module": "auth_middleware", "function": "dispatch", "line": 30, "request_id": "2ca29fbe"}
{"level": "INFO", "message": "BEGIN (implicit)", "timestamp": "2026-03-03T20:45:44.024419Z", "logger": "sqlalchemy.engine.Engine", "module": "base", "function": "_connection_begin_impl", "line": 2701}
{"level": "INFO", "message": "SELECT users.id AS users_id, users.email AS users_email, users.username AS users_username, users.hashed_password AS users_hashed_password, users.full_name AS users_full_name, users.role AS users_role, users.is_active AS users_is_active, users.is_verified AS users_is_verified, users.subscription_type AS users_subscription_type, users.total_xp AS users_total_xp, users.challenge_streak AS users_challenge_streak, users.longest_challenge_streak AS users_longest_challenge_streak, users.created_at AS users_created_at, users.updated_at AS users_updated_at, users.last_login AS users_last_login \nFROM users \nWHERE users.id = ?\n LIMIT ? OFFSET ?", "timestamp": "2026-03-03T20:45:44.024844Z", "logger": "sqlalchemy.engine.Engine", "module": "base", "function": "_execute_context", "line": 1846}
{"level": "INFO", "message": "[cached since 21.45s ago] (1, 1, 0)", "timestamp": "2026-03-03T20:45:44.025035Z", "logger": "sqlalchemy.engine.Engine", "module": "base", "function": "_execute_context", "line": 1846}
{"level": "INFO", "message": "SELECT questions.id AS questions_id, questions.prompt AS questions_prompt, questions.choices AS questions_choices, questions.answer_index AS questions_answer_index, questions.difficulty_level AS questions_difficulty_level, questions.created_by AS questions_created_by, questions.created_at AS questions_created_at, questions.updated_at AS questions_updated_at \nFROM questions\n LIMIT ? OFFSET ?", "timestamp": "2026-03-03T20:45:44.026528Z", "logger": "sqlalchemy.engine.Engine", "module": "base", "function": "_execute_context", "line": 1846}
{"level": "INFO", "message": "[generated in 0.00047s] (100, 0)", "timestamp": "2026-03-03T20:45:44.026949Z", "logger": "sqlalchemy.engine.Engine", "module": "base", "function": "_execute_context", "line": 1846}
{"level": "INFO", "message": "ROLLBACK", "timestamp": "2026-03-03T20:45:44.028348Z", "logger": "sqlalchemy.engine.Engine", "module": "base", "function": "_connection_rollback_impl", "line": 2704}
{"level": "INFO", "message": "Request completed: GET /api/v1/questions/ - 200", "timestamp": "2026-03-03T20:45:44.029245Z", "logger": "app.presentation.middleware.auth_middleware", "module": "auth_middleware", "function": "dispatch", "line": 39, "request_id": "2ca29fbe", "extra_data": {"status_code": 200}}
{"level": "INFO", "message": "Request started: GET /api/v1/challenge/daily", "timestamp": "2026-03-03T20:45:55.827310Z", "logger": "app.presentation.middleware.auth_middleware", "module": "auth_middleware", "function": "dispatch", "line": 30, "request_id": "7f52d3c4"}
{"level": "INFO", "message": "BEGIN (implicit)", "timestamp": "2026-03-03T20:45:55.828970Z", "logger": "sqlalchemy.engine.Engine", "module": "base", "function": "_connection_begin_impl", "line": 2701}
{"level": "INFO", "message": "SELECT users.id AS users_id, users.email AS users_email, users.username AS users_username, users.hashed_password AS users_hashed_password, users.full_name AS users_full_name, users.role AS users_role, users.is_active AS users_is_active, users.is_verified AS users_is_verified, users.subscription_type AS users_subscription_type, users.total_xp AS users_total_xp, users.challenge_streak AS users_challenge_streak, users.longest_challenge_streak AS users_longest_challenge_streak, users.created_at AS users_created_at, users.updated_at AS users_updated_at, users.last_login AS users_last_login \nFROM users \nWHERE users.id = ?\n LIMIT ? OFFSET ?", "timestamp": "2026-03-03T20:45:55.829320Z", "logger": "sqlalchemy.engine.Engine", "module": "base", "function": "_execute_context", "line": 1846}
{"level": "INFO", "message": "[cached since 29.94s ago] (1, 1, 0)", "timestamp": "2026-03-03T20:45:55.829462Z", "logger": "sqlalchemy.engine.Engine", "module": "base", "function": "_execute_context", "line": 1846}
{"level": "INFO", "message": "SELECT users.id AS users_id, users.email AS users_email, users.username AS users_username, users.hashed_password AS users_hashed_password, users.full_name AS users_full_name, users.role AS users_role, users.is_active AS users_is_active, users.is_verified AS users_is_verified, users.subscription_type AS users_subscription_type, users.total_xp AS users_total_xp, users.challenge_streak AS users_challenge_streak, users.longest_challenge_streak AS users_longest_challenge_streak, users.created_at AS users_created_at, users.updated_at AS users_updated_at, users.last_login AS users_last_login \nFROM users \nWHERE users.id = ?\n LIMIT ? OFFSET ?", "timestamp": "2026-03-03T20:45:55.830259Z", "logger": "sqlalchemy.engine.Engine", "module": "base", "function": "_execute_context", "line": 1846}
{"level": "INFO", "message": "[cached since 29.95s ago] (1, 1, 0)", "timestamp": "2026-03-03T20:45:55.830503Z", "logger": "sqlalchemy.engine.Engine", "module": "base", "function": "_execute_context", "line": 1846}
{"level": "INFO", "message": "SELECT daily_challenges.id AS daily_challenges_id, daily_challenges.challenge_date AS daily_challenges_challenge_date, daily_challenges.question_ids AS daily_challenges_question_ids, daily_challenges.created_at AS daily_challenges_created_at \nFROM daily_challenges \nWHERE daily_challenges.challenge_date = ?\n LIMIT ? OFFSET ?", "timestamp": "2026-03-03T20:45:55.831528Z", "logger": "sqlalchemy.engine.Engine", "module": "base", "function": "_execute_context", "line": 1846}
{"level": "INFO", "message": "[generated in 0.00023s] ('2026-03-02 21:00:00.000000', 1, 0)", "timestamp": "2026-03-03T20:45:55.831728Z", "logger": "sqlalchemy.engine.Engine", "module": "base", "function": "_execute_context", "line": 1846}
{"level": "INFO", "message": "SELECT questions.id AS questions_id \nFROM questions ORDER BY random()\n LIMIT ? OFFSET ?", "timestamp": "2026-03-03T20:45:55.832691Z", "logger": "sqlalchemy.engine.Engine", "module": "base", "function": "_execute_context", "line": 1846}
{"level": "INFO", "message": "[generated in 0.00017s] (5, 0)", "timestamp": "2026-03-03T20:45:55.832812Z", "logger": "sqlalchemy.engine.Engine", "module": "base", "function": "_execute_context", "line": 1846}
{"level": "INFO", "message": "INSERT INTO daily_challenges (challenge_date, question_ids, created_at) VALUES (?, ?, ?)", "timestamp": "2026-03-03T20:45:55.833534Z", "logger": "sqlalchemy.engine.Engine", "module": "base", "function": "_execute_context", "line": 1846}
{"level": "INFO", "message": "[generated in 0.00019s] ('2026-03-02 21:00:00.000000', '[3, 4, 2, 7, 1]', '2026-03-03 20:45:55.833496')", "timestamp": "2026-03-03T20:45:55.833659Z", "logger": "sqlalchemy.engine.Engine", "module": "base", "function": "_execute_context", "line": 1846}
{"level": "INFO", "message": "COMMIT", "timestamp": "2026-03-03T20:45:55.834137Z", "logger": "sqlalchemy.engine.Engine", "module": "base", "function": "_connection_commit_impl", "line": 2707}
{"level": "INFO", "message": "BEGIN (implicit)", "timestamp": "2026-03-03T20:45:55.840066Z", "logger": "sqlalchemy.engine.Engine", "module": "base", "function": "_connection_begin_impl", "line": 2701}
{"level": "INFO", "message": "SELECT daily_challenges.id, daily_challenges.challenge_date, daily_challenges.question_ids, daily_challenges.created_at \nFROM daily_challenges \nWHERE daily_challenges.id = ?", "timestamp": "2026-03-03T20:45:55.840849Z", "logger": "sqlalchemy.engine.Engine", "module": "base", "function": "_execute_context", "line": 1846}
{"level": "INFO", "message": "[generated in 0.00026s] (11,)", "timestamp": "2026-03-03T20:45:55.841039Z", "logger": "sqlalchemy.engine.Engine", "module": "base", "function": "_execute_context", "line": 1846}
{"level": "INFO", "message": "Created daily challenge", "timestamp": "2026-03-03T20:45:55.841491Z", "logger": "app.infrastructure.database.challenge_repository_impl", "module": "challenge_repository_impl", "function": "create_challenge", "line": 59}
{"level": "INFO", "message": "Created new daily challenge", "timestamp": "2026-03-03T20:45:55.841657Z", "logger": "app.application.services.challenge_service", "module": "challenge_service", "function": "get_or_create_daily_challenge", "line": 89}
{"level": "INFO", "message": "SELECT user_challenge_progress.id AS user_challenge_progress_id, user_challenge_progress.user_id AS user_challenge_progress_user_id, user_challenge_progress.challenge_id AS user_challenge_progress_challenge_id, user_challenge_progress.completed_questions AS user_challenge_progress_completed_questions, user_challenge_progress.is_completed AS user_challenge_progress_is_completed, user_challenge_progress.xp_awarded AS user_challenge_progress_xp_awarded, user_challenge_progress.completed_at AS user_challenge_progress_completed_at, user_challenge_progress.created_at AS user_challenge_progress_created_at, user_challenge_progress.updated_at AS user_challenge_progress_updated_at \nFROM user_challenge_progress \nWHERE user_challenge_progress.user_id = ? AND user_challenge_progress.challenge_id = ?\n LIMIT ? OFFSET ?", "timestamp": "2026-03-03T20:45:55.842948Z", "logger": "sqlalchemy.engine.Engine", "module": "base", "function": "_execute_context", "line": 1846}
{"level": "INFO", "message": "[generated in 0.00030s] (1, 11, 1, 0)", "timestamp": "2026-03-03T20:45:55.843163Z", "logger": "sqlalchemy.engine.Engine", "module": "base", "function": "_execute_context", "line": 1846}
{"level": "INFO", "message": "SELECT questions.id AS questions_id, questions.prompt AS questions_prompt, questions.choices AS questions_choices, questions.answer_index AS questions_answer_index, questions.difficulty_level AS questions_difficulty_level, questions.created_by AS questions_created_by, questions.created_at AS questions_created_at, questions.updated_at AS questions_updated_at \nFROM questions \nWHERE questions.id = ?\n LIMIT ? OFFSET ?", "timestamp": "2026-03-03T20:45:55.844602Z", "logger": "sqlalchemy.engine.Engine", "module": "base", "function": "_execute_context", "line": 1846}
{"level": "INFO", "message": "[generated in 0.00079s] (3, 1, 0)", "timestamp": "2026-03-03T20:45:55.845329Z", "logger": "sqlalchemy.engine.Engine", "module": "base", "function": "_execute_context", "line": 1846}
{"level": "INFO", "message": "SELECT questions.id AS questions_id, questions.prompt AS questions_prompt, questions.choices AS questions_choices, questions.answer_index AS questions_answer_index, questions.difficulty_level AS questions_difficulty_level, questions.created_by AS questions_created_by, questions.created_at AS questions_created_at, questions.updated_at AS questions_updated_at \nFROM questions \nWHERE questions.id = ?\n LIMIT ? OFFSET ?", "timestamp": "2026-03-03T20:45:55.847406Z", "logger": "sqlalchemy.engine.Engine", "module": "base", "function": "_execute_context", "line": 1846}
{"level": "INFO", "message": "[cached since 0.003126s ago] (4, 1, 0)", "timestamp": "2026-03-03T20:45:55.847638Z", "logger": "sqlalchemy.engine.Engine", "module": "base", "function": "_execute_context", "line": 1846}
{"level": "INFO", "message": "SELECT questions.id AS questions_id, questions.prompt AS questions_prompt, questions.choices AS questions_choices, questions.answer_index AS questions_answer_index, questions.difficulty_level AS questions_difficulty_level, questions.created_by AS questions_created_by, questions.created_at AS questions_created_at, questions.updated_at AS questions_updated_at \nFROM questions \nWHERE questions.id = ?\n LIMIT ? OFFSET ?", "timestamp": "2026-03-03T20:45:55.848314Z", "logger": "sqlalchemy.engine.Engine", "module": "base", "function": "_execute_context", "line": 1846}
{"level": "INFO", "message": "[cached since 0.003971s ago] (2, 1, 0)", "timestamp": "2026-03-03T20:45:55.848486Z", "logger": "sqlalchemy.engine.Engine", "module": "base", "function": "_execute_context", "line": 1846}
{"level": "INFO", "message": "SELECT questions.id AS questions_id, questions.prompt AS questions_prompt, questions.choices AS questions_choices, questions.answer_index AS questions_answer_index, questions.difficulty_level AS questions_difficulty_level, questions.created_by AS questions_created_by, questions.created_at AS questions_created_at, questions.updated_at AS questions_updated_at \nFROM questions \nWHERE questions.id = ?\n LIMIT ? OFFSET ?", "timestamp": "2026-03-03T20:45:55.848994Z", "logger": "sqlalchemy.engine.Engine", "module": "base", "function": "_execute_context", "line": 1846}
{"level": "INFO", "message": "[cached since 0.004628s ago] (7, 1, 0)", "timestamp": "2026-03-03T20:45:55.849133Z", "logger": "sqlalchemy.engine.Engine", "module": "base", "function": "_execute_context", "line": 1846}
{"level": "INFO", "message": "SELECT questions.id AS questions_id, questions.prompt AS questions_prompt, questions.choices AS questions_choices, questions.answer_index AS questions_answer_index, questions.difficulty_level AS questions_difficulty_level, questions.created_by AS questions_created_by, questions.created_at AS questions_created_at, questions.updated_at AS questions_updated_at \nFROM questions \nWHERE questions.id = ?\n LIMIT ? OFFSET ?", "timestamp": "2026-03-03T20:45:55.849579Z", "logger": "sqlalchemy.engine.Engine", "module": "base", "function": "_execute_context", "line": 1846}
{"level": "INFO", "message": "[cached since 0.005217s ago] (1, 1, 0)", "timestamp": "2026-03-03T20:45:55.849723Z", "logger": "sqlalchemy.engine.Engine", "module": "base", "function": "_execute_context", "line": 1846}
{"level": "INFO", "message": "ROLLBACK", "timestamp": "2026-03-03T20:45:55.850456Z", "logger": "sqlalchemy.engine.Engine", "module": "base", "function": "_connection_rollback_impl", "line": 2704}
{"level": "INFO", "message": "Request completed: GET /api/v1/challenge/daily - 200", "timestamp": "2026-03-03T20:45:55.850921Z", "logger": "app.presentation.middleware.auth_middleware", "module": "auth_middleware", "function": "dispatch", "line": 39, "request_id": "7f52d3c4", "extra_data": {"status_code": 200}}
{"level": "INFO", "message": "Request started: GET /api/v1/challenge/daily", "timestamp": "2026-03-03T20:45:58.374569Z", "logger": "app.presentation.middleware.auth_middleware", "module": "auth_middleware", "function": "dispatch", "line": 30, "request_id": "c784d5b2"}
{"level": "INFO", "message": "BEGIN (implicit)", "timestamp": "2026-03-03T20:45:58.376559Z", "logger": "sqlalchemy.engine.Engine", "module": "base", "function": "_connection_begin_impl", "line": 2701}
{"level": "INFO", "message": "SELECT users.id AS users_id, users.email AS users_email, users.username AS users_username, users.hashed_password AS users_hashed_password, users.full_name AS users_full_name, users.role AS users_role, users.is_active AS users_is_active, users.is_verified AS users_is_verified, users.subscription_type AS users_subscription_type, users.total_xp AS users_total_xp, users.challenge_streak AS users_challenge_streak, users.longest_challenge_streak AS users_longest_challenge_streak, users.created_at AS users_created_at, users.updated_at AS users_updated_at, users.last_login AS users_last_login \nFROM users \nWHERE users.id = ?\n LIMIT ? OFFSET ?", "timestamp": "2026-03-03T20:45:58.376968Z", "logger": "sqlalchemy.engine.Engine", "module": "base", "function": "_execute_context", "line": 1846}
{"level": "INFO", "message": "[cached since 32.49s ago] (1, 1, 0)", "timestamp": "2026-03-03T20:45:58.377132Z", "logger": "sqlalchemy.engine.Engine", "module": "base", "function": "_execute_context", "line": 1846}
{"level": "INFO", "message": "SELECT users.id AS users_id, users.email AS users_email, users.username AS users_username, users.hashed_password AS users_hashed_password, users.full_name AS users_full_name, users.role AS users_role, users.is_active AS users_is_active, users.is_verified AS users_is_verified, users.subscription_type AS users_subscription_type, users.total_xp AS users_total_xp, users.challenge_streak AS users_challenge_streak, users.longest_challenge_streak AS users_longest_challenge_streak, users.created_at AS users_created_at, users.updated_at AS users_updated_at, users.last_login AS users_last_login \nFROM users \nWHERE users.id = ?\n LIMIT ? OFFSET ?", "timestamp": "2026-03-03T20:45:58.378075Z", "logger": "sqlalchemy.engine.Engine", "module": "base", "function": "_execute_context", "line": 1846}
{"level": "INFO", "message": "[cached since 32.49s ago] (1, 1, 0)", "timestamp": "2026-03-03T20:45:58.378240Z", "logger": "sqlalchemy.engine.Engine", "module": "base", "function": "_execute_context", "line": 1846}
{"level": "INFO", "message": "SELECT daily_challenges.id AS daily_challenges_id, daily_challenges.challenge_date AS daily_challenges_challenge_date, daily_challenges.question_ids AS daily_challenges_question_ids, daily_challenges.created_at AS daily_challenges_created_at \nFROM daily_challenges \nWHERE daily_challenges.challenge_date = ?\n LIMIT ? OFFSET ?", "timestamp": "2026-03-03T20:45:58.378993Z", "logger": "sqlalchemy.engine.Engine", "module": "base", "function": "_execute_context", "line": 1846}
{"level": "INFO", "message": "[cached since 2.548s ago] ('2026-03-02 21:00:00.000000', 1, 0)", "timestamp": "2026-03-03T20:45:58.379148Z", "logger": "sqlalchemy.engine.Engine", "module": "base", "function": "_execute_context", "line": 1846}
{"level": "INFO", "message": "SELECT user_challenge_progress.id AS user_challenge_progress_id, user_challenge_progress.user_id AS user_challenge_progress_user_id, user_challenge_progress.challenge_id AS user_challenge_progress_challenge_id, user_challenge_progress.completed_questions AS user_challenge_progress_completed_questions, user_challenge_progress.is_completed AS user_challenge_progress_is_completed, user_challenge_progress.xp_awarded AS user_challenge_progress_xp_awarded, user_challenge_progress.completed_at AS user_challenge_progress_completed_at, user_challenge_progress.created_at AS user_challenge_progress_created_at, user_challenge_progress.updated_at AS user_challenge_progress_updated_at \nFROM user_challenge_progress \nWHERE user_challenge_progress.user_id = ? AND user_challenge_progress.challenge_id = ?\n LIMIT ? OFFSET ?", "timestamp": "2026-03-03T20:45:58.379664Z", "logger": "sqlalchemy.engine.Engine", "module": "base", "function": "_execute_context", "line": 1846}
{"level": "INFO", "message": "[cached since 2.537s ago] (1, 11, 1, 0)", "timestamp": "2026-03-03T20:45:58.379829Z", "logger": "sqlalchemy.engine.Engine", "module": "base", "function": "_execute_context", "line": 1846}
{"level": "INFO", "message": "SELECT questions.id AS questions_id, questions.prompt AS questions_prompt, questions.choices AS questions_choices, questions.answer_index AS questions_answer_index, questions.difficulty_level AS questions_difficulty_level, questions.created_by AS questions_created_by, questions.created_at AS questions_created_at, questions.updated_at AS questions_updated_at \nFROM questions \nWHERE questions.id = ?\n LIMIT ? OFFSET ?", "timestamp": "2026-03-03T20:45:58.380440Z", "logger": "sqlalchemy.engine.Engine", "module": "base", "function": "_execute_context", "line": 1846}
{"level": "INFO", "message": "[cached since 2.536s ago] (3, 1, 0)", "timestamp": "2026-03-03T20:45:58.380566Z", "logger": "sqlalchemy.engine.Engine", "module": "base", "function": "_execute_context", "line": 1846}
{"level": "INFO", "message": "SELECT questions.id AS questions_id, questions.prompt AS questions_prompt, questions.choices AS questions_choices, questions.answer_index AS questions_answer_index, questions.difficulty_level AS questions_difficulty_level, questions.created_by AS questions_created_by, questions.created_at AS questions_created_at, questions.updated_at AS questions_updated_at \nFROM questions \nWHERE questions.id = ?\n LIMIT ? OFFSET ?", "timestamp": "2026-03-03T20:45:58.381557Z", "logger": "sqlalchemy.engine.Engine", "module": "base", "function": "_execute_context", "line": 1846}
{"level": "INFO", "message": "[cached since 2.537s ago] (4, 1, 0)", "timestamp": "2026-03-03T20:45:58.381851Z", "logger": "sqlalchemy.engine.Engine", "module": "base", "function": "_execute_context", "line": 1846}
{"level": "INFO", "message": "SELECT questions.id AS questions_id, questions.prompt AS questions_prompt, questions.choices AS questions_choices, questions.answer_index AS questions_answer_index, questions.difficulty_level AS questions_difficulty_level, questions.created_by AS questions_created_by, questions.created_at AS questions_created_at, questions.updated_at AS questions_updated_at \nFROM questions \nWHERE questions.id = ?\n LIMIT ? OFFSET ?", "timestamp": "2026-03-03T20:45:58.383342Z", "logger": "sqlalchemy.engine.Engine", "module": "base", "function": "_execute_context", "line": 1846}
{"level": "INFO", "message": "[cached since 2.539s ago] (2, 1, 0)", "timestamp": "2026-03-03T20:45:58.383621Z", "logger": "sqlalchemy.engine.Engine", "module": "base", "function": "_execute_context", "line": 1846}
{"level": "INFO", "message": "SELECT questions.id AS questions_id, questions.prompt AS questions_prompt, questions.choices AS questions_choices, questions.answer_index AS questions_answer_index, questions.difficulty_level AS questions_difficulty_level, questions.created_by AS questions_created_by, questions.created_at AS questions_created_at, questions.updated_at AS questions_updated_at \nFROM questions \nWHERE questions.id = ?\n LIMIT ? OFFSET ?", "timestamp": "2026-03-03T20:45:58.384502Z", "logger": "sqlalchemy.engine.Engine", "module": "base", "function": "_execute_context", "line": 1846}
{"level": "INFO", "message": "[cached since 2.54s ago] (7, 1, 0)", "timestamp": "2026-03-03T20:45:58.384699Z", "logger": "sqlalchemy.engine.Engine", "module": "base", "function": "_execute_context", "line": 1846}
{"level": "INFO", "message": "SELECT questions.id AS questions_id, questions.prompt AS questions_prompt, questions.choices AS questions_choices, questions.answer_index AS questions_answer_index, questions.difficulty_level AS questions_difficulty_level, questions.created_by AS questions_created_by, questions.created_at AS questions_created_at, questions.updated_at AS questions_updated_at \nFROM questions \nWHERE questions.id = ?\n LIMIT ? OFFSET ?", "timestamp": "2026-03-03T20:45:58.385421Z", "logger": "sqlalchemy.engine.Engine", "module": "base", "function": "_execute_context", "line": 1846}
{"level": "INFO", "message": "[cached since 2.541s ago] (1, 1, 0)", "timestamp": "2026-03-03T20:45:58.385614Z", "logger": "sqlalchemy.engine.Engine", "module": "base", "function": "_execute_context", "line": 1846}
{"level": "INFO", "message": "ROLLBACK", "timestamp": "2026-03-03T20:45:58.386472Z", "logger": "sqlalchemy.engine.Engine", "module": "base", "function": "_connection_rollback_impl", "line": 2704}
{"level": "INFO", "message": "Request completed: GET /api/v1/challenge/daily - 200", "timestamp": "2026-03-03T20:45:58.387264Z", "logger": "app.presentation.middleware.auth_middleware", "module": "auth_middleware", "function": "dispatch", "line": 39, "request_id": "c784d5b2", "extra_data": {"status_code": 200}}
{"level": "INFO", "message": "Request started: GET /api/v1/challenge/daily", "timestamp": "2026-03-03T20:45:58.969583Z", "logger": "app.presentation.middleware.auth_middleware", "module": "auth_middleware", "function": "dispatch", "line": 30, "request_id": "8fd4ab7b"}
{"level": "INFO", "message": "BEGIN (implicit)", "timestamp": "2026-03-03T20:45:58.971166Z", "logger": "sqlalchemy.engine.Engine", "module": "base", "function": "_connection_begin_impl", "line": 2701}
{"level": "INFO", "message": "SELECT users.id AS users_id, users.email AS users_email, users.username AS users_username, users.hashed_password AS users_hashed_password, users.full_name AS users_full_name, users.role AS users_role, users.is_active AS users_is_active, users.is_verified AS users_is_verified, users.subscription_type AS users_subscription_type, users.total_xp AS users_total_xp, users.challenge_streak AS users_challenge_streak, users.longest_challenge_streak AS users_longest_challenge_streak, users.created_at AS users_created_at, users.updated_at AS users_updated_at, users.last_login AS users_last_login \nFROM users \nWHERE users.id = ?\n LIMIT ? OFFSET ?", "timestamp": "2026-03-03T20:45:58.971510Z", "logger": "sqlalchemy.engine.Engine", "module": "base", "function": "_execute_context", "line": 1846}
{"level": "INFO", "message": "[cached since 33.09s ago] (1, 1, 0)", "timestamp": "2026-03-03T20:45:58.971654Z", "logger": "sqlalchemy.engine.Engine", "module": "base", "function": "_execute_context", "line": 1846}
{"level": "INFO", "message": "SELECT users.id AS users_id, users.email AS users_email, users.username AS users_username, users.hashed_password AS users_hashed_password, users.full_name AS users_full_name, users.role AS users_role, users.is_active AS users_is_active, users.is_verified AS users_is_verified, users.subscription_type AS users_subscription_type, users.total_xp AS users_total_xp, users.challenge_streak AS users_challenge_streak, users.longest_challenge_streak AS users_longest_challenge_streak, users.created_at AS users_created_at, users.updated_at AS users_updated_at, users.last_login AS users_last_login \nFROM users \nWHERE users.id = ?\n LIMIT ? OFFSET ?", "timestamp": "2026-03-03T20:45:58.972514Z", "logger": "sqlalchemy.engine.Engine", "module": "base", "function": "_execute_context", "line": 1846}
{"level": "INFO", "message": "[cached since 33.09s ago] (1, 1, 0)", "timestamp": "2026-03-03T20:45:58.972668Z", "logger": "sqlalchemy.engine.Engine", "module": "base", "function": "_execute_context", "line": 1846}
{"level": "INFO", "message": "SELECT daily_challenges.id AS daily_challenges_id, daily_challenges.challenge_date AS daily_challenges_challenge_date, daily_challenges.question_ids AS daily_challenges_question_ids, daily_challenges.created_at AS daily_challenges_created_at \nFROM daily_challenges \nWHERE daily_challenges.challenge_date = ?\n LIMIT ? OFFSET ?", "timestamp": "2026-03-03T20:45:58.973328Z", "logger": "sqlalchemy.engine.Engine", "module": "base", "function": "_execute_context", "line": 1846}
{"level": "INFO", "message": "[cached since 3.142s ago] ('2026-03-02 21:00:00.000000', 1, 0)", "timestamp": "2026-03-03T20:45:58.973510Z", "logger": "sqlalchemy.engine.Engine", "module": "base", "function": "_execute_context", "line": 1846}
{"level": "INFO", "message": "SELECT user_challenge_progress.id AS user_challenge_progress_id, user_challenge_progress.user_id AS user_challenge_progress_user_id, user_challenge_progress.challenge_id AS user_challenge_progress_challenge_id, user_challenge_progress.completed_questions AS user_challenge_progress_completed_questions, user_challenge_progress.is_completed AS user_challenge_progress_is_completed, user_challenge_progress.xp_awarded AS user_challenge_progress_xp_awarded, user_challenge_progress.completed_at AS user_challenge_progress_completed_at, user_challenge_progress.created_at AS user_challenge_progress_created_at, user_challenge_progress.updated_at AS user_challenge_progress_updated_at \nFROM user_challenge_progress \nWHERE user_challenge_progress.user_id = ? AND user_challenge_progress.challenge_id = ?\n LIMIT ? OFFSET ?", "timestamp": "2026-03-03T20:45:58.974021Z", "logger": "sqlalchemy.engine.Engine", "module": "base", "function": "_execute_context", "line": 1846}
{"level": "INFO", "message": "[cached since 3.131s ago] (1, 11, 1, 0)", "timestamp": "2026-03-03T20:45:58.974149Z", "logger": "sqlalchemy.engine.Engine", "module": "base", "function": "_execute_context", "line": 1846}
{"level": "INFO", "message": "SELECT questions.id AS questions_id, questions.prompt AS questions_prompt, questions.choices AS questions_choices, questions.answer_index AS questions_answer_index, questions.difficulty_level AS questions_difficulty_level, questions.created_by AS questions_created_by, questions.created_at AS questions_created_at, questions.updated_at AS questions_updated_at \nFROM questions \nWHERE questions.id = ?\n LIMIT ? OFFSET ?", "timestamp": "2026-03-03T20:45:58.974532Z", "logger": "sqlalchemy.engine.Engine", "module": "base", "function": "_execute_context", "line": 1846}
{"level": "INFO", "message": "[cached since 3.13s ago] (3, 1, 0)", "timestamp": "2026-03-03T20:45:58.974668Z", "logger": "sqlalchemy.engine.Engine", "module": "base", "function": "_execute_context", "line": 1846}
{"level": "INFO", "message": "SELECT questions.id AS questions_id, questions.prompt AS questions_prompt, questions.choices AS questions_choices, questions.answer_index AS questions_answer_index, questions.difficulty_level AS questions_difficulty_level, questions.created_by AS questions_created_by, questions.created_at AS questions_created_at, questions.updated_at AS questions_updated_at \nFROM questions \nWHERE questions.id = ?\n LIMIT ? OFFSET ?", "timestamp": "2026-03-03T20:45:58.975144Z", "logger": "sqlalchemy.engine.Engine", "module": "base", "function": "_execute_context", "line": 1846}
{"level": "INFO", "message": "[cached since 3.131s ago] (4, 1, 0)", "timestamp": "2026-03-03T20:45:58.975274Z", "logger": "sqlalchemy.engine.Engine", "module": "base", "function": "_execute_context", "line": 1846}
{"level": "INFO", "message": "SELECT questions.id AS questions_id, questions.prompt AS questions_prompt, questions.choices AS questions_choices, questions.answer_index AS questions_answer_index, questions.difficulty_level AS questions_difficulty_level, questions.created_by AS questions_created_by, questions.created_at AS questions_created_at, questions.updated_at AS questions_updated_at \nFROM questions \nWHERE questions.id = ?\n LIMIT ? OFFSET ?", "timestamp": "2026-03-03T20:45:58.975681Z", "logger": "sqlalchemy.engine.Engine", "module": "base", "function": "_execute_context", "line": 1846}
{"level": "INFO", "message": "[cached since 3.131s ago] (2, 1, 0)", "timestamp": "2026-03-03T20:45:58.975865Z", "logger": "sqlalchemy.engine.Engine", "module": "base", "function": "_execute_context", "line": 1846}
{"level": "INFO", "message": "SELECT questions.id AS questions_id, questions.prompt AS questions_prompt, questions.choices AS questions_choices, questions.answer_index AS questions_answer_index, questions.difficulty_level AS questions_difficulty_level, questions.created_by AS questions_created_by, questions.created_at AS questions_created_at, questions.updated_at AS questions_updated_at \nFROM questions \nWHERE questions.id = ?\n LIMIT ? OFFSET ?", "timestamp": "2026-03-03T20:45:58.976359Z", "logger": "sqlalchemy.engine.Engine", "module": "base", "function": "_execute_context", "line": 1846}
{"level": "INFO", "message": "[cached since 3.132s ago] (7, 1, 0)", "timestamp": "2026-03-03T20:45:58.976485Z", "logger": "sqlalchemy.engine.Engine", "module": "base", "function": "_execute_context", "line": 1846}
{"level": "INFO", "message": "SELECT questions.id AS questions_id, questions.prompt AS questions_prompt, questions.choices AS questions_choices, questions.answer_index AS questions_answer_index, questions.difficulty_level AS questions_difficulty_level, questions.created_by AS questions_created_by, questions.created_at AS questions_created_at, questions.updated_at AS questions_updated_at \nFROM questions \nWHERE questions.id = ?\n LIMIT ? OFFSET ?", "timestamp": "2026-03-03T20:45:58.976897Z", "logger": "sqlalchemy.engine.Engine", "module": "base", "function": "_execute_context", "line": 1846}
{"level": "INFO", "message": "[cached since 3.133s ago] (1, 1, 0)", "timestamp": "2026-03-03T20:45:58.977043Z", "logger": "sqlalchemy.engine.Engine", "module": "base", "function": "_execute_context", "line": 1846}
{"level": "INFO", "message": "ROLLBACK", "timestamp": "2026-03-03T20:45:58.978083Z", "logger": "sqlalchemy.engine.Engine", "module": "base", "function": "_connection_rollback_impl", "line": 2704}
{"level": "INFO", "message": "Request completed: GET /api/v1/challenge/daily - 200", "timestamp": "2026-03-03T20:45:58.979068Z", "logger": "app.presentation.middleware.auth_middleware", "module": "auth_middleware", "function": "dispatch", "line": 39, "request_id": "8fd4ab7b", "extra_data": {"status_code": 200}}
{"level": "INFO", "message": "Request started: GET /api/v1/challenge/daily", "timestamp": "2026-03-03T20:45:59.429443Z", "logger": "app.presentation.middleware.auth_middleware", "module": "auth_middleware", "function": "dispatch", "line": 30, "request_id": "33aeb929"}
{"level": "INFO", "message": "BEGIN (implicit)", "timestamp": "2026-03-03T20:45:59.430927Z", "logger": "sqlalchemy.engine.Engine", "module": "base", "function": "_connection_begin_impl", "line": 2701}
{"level": "INFO", "message": "SELECT users.id AS users_id, users.email AS users_email, users.username AS users_username, users.hashed_password AS users_hashed_password, users.full_name AS users_full_name, users.role AS users_role, users.is_active AS users_is_active, users.is_verified AS users_is_verified, users.subscription_type AS users_subscription_type, users.total_xp AS users_total_xp, users.challenge_streak AS users_challenge_streak, users.longest_challenge_streak AS users_longest_challenge_streak, users.created_at AS users_created_at, users.updated_at AS users_updated_at, users.last_login AS users_last_login \nFROM users \nWHERE users.id = ?\n LIMIT ? OFFSET ?", "timestamp": "2026-03-03T20:45:59.431236Z", "logger": "sqlalchemy.engine.Engine", "module": "base", "function": "_execute_context", "line": 1846}
{"level": "INFO", "message": "[cached since 33.55s ago] (1, 1, 0)", "timestamp": "2026-03-03T20:45:59.431369Z", "logger": "sqlalchemy.engine.Engine", "module": "base", "function": "_execute_context", "line": 1846}
{"level": "INFO", "message": "SELECT users.id AS users_id, users.email AS users_email, users.username AS users_username, users.hashed_password AS users_hashed_password, users.full_name AS users_full_name, users.role AS users_role, users.is_active AS users_is_active, users.is_verified AS users_is_verified, users.subscription_type AS users_subscription_type, users.total_xp AS users_total_xp, users.challenge_streak AS users_challenge_streak, users.longest_challenge_streak AS users_longest_challenge_streak, users.created_at AS users_created_at, users.updated_at AS users_updated_at, users.last_login AS users_last_login \nFROM users \nWHERE users.id = ?\n LIMIT ? OFFSET ?", "timestamp": "2026-03-03T20:45:59.432145Z", "logger": "sqlalchemy.engine.Engine", "module": "base", "function": "_execute_context", "line": 1846}
{"level": "INFO", "message": "[cached since 33.55s ago] (1, 1, 0)", "timestamp": "2026-03-03T20:45:59.432301Z", "logger": "sqlalchemy.engine.Engine", "module": "base", "function": "_execute_context", "line": 1846}
{"level": "INFO", "message": "SELECT daily_challenges.id AS daily_challenges_id, daily_challenges.challenge_date AS daily_challenges_challenge_date, daily_challenges.question_ids AS daily_challenges_question_ids, daily_challenges.created_at AS daily_challenges_created_at \nFROM daily_challenges \nWHERE daily_challenges.challenge_date = ?\n LIMIT ? OFFSET ?", "timestamp": "2026-03-03T20:45:59.432884Z", "logger": "sqlalchemy.engine.Engine", "module": "base", "function": "_execute_context", "line": 1846}
{"level": "INFO", "message": "[cached since 3.602s ago] ('2026-03-02 21:00:00.000000', 1, 0)", "timestamp": "2026-03-03T20:45:59.433018Z", "logger": "sqlalchemy.engine.Engine", "module": "base", "function": "_execute_context", "line": 1846}
{"level": "INFO", "message": "SELECT user_challenge_progress.id AS user_challenge_progress_id, user_challenge_progress.user_id AS user_challenge_progress_user_id, user_challenge_progress.challenge_id AS user_challenge_progress_challenge_id, user_challenge_progress.completed_questions AS user_challenge_progress_completed_questions, user_challenge_progress.is_completed AS user_challenge_progress_is_completed, user_challenge_progress.xp_awarded AS user_challenge_progress_xp_awarded, user_challenge_progress.completed_at AS user_challenge_progress_completed_at, user_challenge_progress.created_at AS user_challenge_progress_created_at, user_challenge_progress.updated_at AS user_challenge_progress_updated_at \nFROM user_challenge_progress \nWHERE user_challenge_progress.user_id = ? AND user_challenge_progress.challenge_id = ?\n LIMIT ? OFFSET ?", "timestamp": "2026-03-03T20:45:59.433461Z", "logger": "sqlalchemy.engine.Engine", "module": "base", "function": "_execute_context", "line": 1846}
{"level": "INFO", "message": "[cached since 3.591s ago] (1, 11, 1, 0)", "timestamp": "2026-03-03T20:45:59.433568Z", "logger": "sqlalchemy.engine.Engine", "module": "base", "function": "_execute_context", "line": 1846}
{"level": "INFO", "message": "SELECT questions.id AS questions_id, questions.prompt AS questions_prompt, questions.choices AS questions_choices, questions.answer_index AS questions_answer_index, questions.difficulty_level AS questions_difficulty_level, questions.created_by AS questions_created_by, questions.created_at AS questions_created_at, questions.updated_at AS questions_updated_at \nFROM questions \nWHERE questions.id = ?\n LIMIT ? OFFSET ?", "timestamp": "2026-03-03T20:45:59.433909Z", "logger": "sqlalchemy.engine.Engine", "module": "base", "function": "_execute_context", "line": 1846}
{"level": "INFO", "message": "[cached since 3.59s ago] (3, 1, 0)", "timestamp": "2026-03-03T20:45:59.434033Z", "logger": "sqlalchemy.engine.Engine", "module": "base", "function": "_execute_context", "line": 1846}
{"level": "INFO", "message": "SELECT questions.id AS questions_id, questions.prompt AS questions_prompt, questions.choices AS questions_choices, questions.answer_index AS questions_answer_index, questions.difficulty_level AS questions_difficulty_level, questions.created_by AS questions_created_by, questions.created_at AS questions_created_at, questions.updated_at AS questions_updated_at \nFROM questions \nWHERE questions.id = ?\n LIMIT ? OFFSET ?", "timestamp": "2026-03-03T20:45:59.434423Z", "logger": "sqlalchemy.engine.Engine", "module": "base", "function": "_execute_context", "line": 1846}
{"level": "INFO", "message": "[cached since 3.59s ago] (4, 1, 0)", "timestamp": "2026-03-03T20:45:59.434536Z", "logger": "sqlalchemy.engine.Engine", "module": "base", "function": "_execute_context", "line": 1846}
{"level": "INFO", "message": "SELECT questions.id AS questions_id, questions.prompt AS questions_prompt, questions.choices AS questions_choices, questions.answer_index AS questions_answer_index, questions.difficulty_level AS questions_difficulty_level, questions.created_by AS questions_created_by, questions.created_at AS questions_created_at, questions.updated_at AS questions_updated_at \nFROM questions \nWHERE questions.id = ?\n LIMIT ? OFFSET ?", "timestamp": "2026-03-03T20:45:59.434893Z", "logger": "sqlalchemy.engine.Engine", "module": "base", "function": "_execute_context", "line": 1846}
{"level": "INFO", "message": "[cached since 3.591s ago] (2, 1, 0)", "timestamp": "2026-03-03T20:45:59.435003Z", "logger": "sqlalchemy.engine.Engine", "module": "base", "function": "_execute_context", "line": 1846}
{"level": "INFO", "message": "SELECT questions.id AS questions_id, questions.prompt AS questions_prompt, questions.choices AS questions_choices, questions.answer_index AS questions_answer_index, questions.difficulty_level AS questions_difficulty_level, questions.created_by AS questions_created_by, questions.created_at AS questions_created_at, questions.updated_at AS questions_updated_at \nFROM questions \nWHERE questions.id = ?\n LIMIT ? OFFSET ?", "timestamp": "2026-03-03T20:45:59.435357Z", "logger": "sqlalchemy.engine.Engine", "module": "base", "function": "_execute_context", "line": 1846}
{"level": "INFO", "message": "[cached since 3.591s ago] (7, 1, 0)", "timestamp": "2026-03-03T20:45:59.435468Z", "logger": "sqlalchemy.engine.Engine", "module": "base", "function": "_execute_context", "line": 1846}
{"level": "INFO", "message": "SELECT questions.id AS questions_id, questions.prompt AS questions_prompt, questions.choices AS questions_choices, questions.answer_index AS questions_answer_index, questions.difficulty_level AS questions_difficulty_level, questions.created_by AS questions_created_by, questions.created_at AS questions_created_at, questions.updated_at AS questions_updated_at \nFROM questions \nWHERE questions.id = ?\n LIMIT ? OFFSET ?", "timestamp": "2026-03-03T20:45:59.435801Z", "logger": "sqlalchemy.engine.Engine", "module": "base", "function": "_execute_context", "line": 1846}
{"level": "INFO", "message": "[cached since 3.591s ago] (1, 1, 0)", "timestamp": "2026-03-03T20:45:59.435900Z", "logger": "sqlalchemy.engine.Engine", "module": "base", "function": "_execute_context", "line": 1846}
{"level": "INFO", "message": "ROLLBACK", "timestamp": "2026-03-03T20:45:59.436559Z", "logger": "sqlalchemy.engine.Engine", "module": "base", "function": "_connection_rollback_impl", "line": 2704}
{"level": "INFO", "message": "Request completed: GET /api/v1/challenge/daily - 200", "timestamp": "2026-03-03T20:45:59.437005Z", "logger": "app.presentation.middleware.auth_middleware", "module": "auth_middleware", "function": "dispatch", "line": 39, "request_id": "33aeb929", "extra_data": {"status_code": 200}}
{"level": "INFO", "message": "Request started: GET /api/v1/challenge/daily", "timestamp": "2026-03-03T20:45:59.656556Z", "logger": "app.presentation.middleware.auth_middleware", "module": "auth_middleware", "function": "dispatch", "line": 30, "request_id": "d43c766b"}
{"level": "INFO", "message": "BEGIN (implicit)", "timestamp": "2026-03-03T20:45:59.658660Z", "logger": "sqlalchemy.engine.Engine", "module": "base", "function": "_connection_begin_impl", "line": 2701}
{"level": "INFO", "message": "SELECT users.id AS users_id, users.email AS users_email, users.username AS users_username, users.hashed_password AS users_hashed_password, users.full_name AS users_full_name, users.role AS users_role, users.is_active AS users_is_active, users.is_verified AS users_is_verified, users.subscription_type AS users_subscription_type, users.total_xp AS users_total_xp, users.challenge_streak AS users_challenge_streak, users.longest_challenge_streak AS users_longest_challenge_streak, users.created_at AS users_created_at, users.updated_at AS users_updated_at, users.last_login AS users_last_login \nFROM users \nWHERE users.id = ?\n LIMIT ? OFFSET ?", "timestamp": "2026-03-03T20:45:59.659057Z", "logger": "sqlalchemy.engine.Engine", "module": "base", "function": "_execute_context", "line": 1846}
{"level": "INFO", "message": "[cached since 33.77s ago] (1, 1, 0)", "timestamp": "2026-03-03T20:45:59.659189Z", "logger": "sqlalchemy.engine.Engine", "module": "base", "function": "_execute_context", "line": 1846}
{"level": "INFO", "message": "SELECT users.id AS users_id, users.email AS users_email, users.username AS users_username, users.hashed_password AS users_hashed_password, users.full_name AS users_full_name, users.role AS users_role, users.is_active AS users_is_active, users.is_verified AS users_is_verified, users.subscription_type AS users_subscription_type, users.total_xp AS users_total_xp, users.challenge_streak AS users_challenge_streak, users.longest_challenge_streak AS users_longest_challenge_streak, users.created_at AS users_created_at, users.updated_at AS users_updated_at, users.last_login AS users_last_login \nFROM users \nWHERE users.id = ?\n LIMIT ? OFFSET ?", "timestamp": "2026-03-03T20:45:59.659911Z", "logger": "sqlalchemy.engine.Engine", "module": "base", "function": "_execute_context", "line": 1846}
{"level": "INFO", "message": "[cached since 33.78s ago] (1, 1, 0)", "timestamp": "2026-03-03T20:45:59.660059Z", "logger": "sqlalchemy.engine.Engine", "module": "base", "function": "_execute_context", "line": 1846}
{"level": "INFO", "message": "SELECT daily_challenges.id AS daily_challenges_id, daily_challenges.challenge_date AS daily_challenges_challenge_date, daily_challenges.question_ids AS daily_challenges_question_ids, daily_challenges.created_at AS daily_challenges_created_at \nFROM daily_challenges \nWHERE daily_challenges.challenge_date = ?\n LIMIT ? OFFSET ?", "timestamp": "2026-03-03T20:45:59.660654Z", "logger": "sqlalchemy.engine.Engine", "module": "base", "function": "_execute_context", "line": 1846}
{"level": "INFO", "message": "[cached since 3.829s ago] ('2026-03-02 21:00:00.000000', 1, 0)", "timestamp": "2026-03-03T20:45:59.660777Z", "logger": "sqlalchemy.engine.Engine", "module": "base", "function": "_execute_context", "line": 1846}
{"level": "INFO", "message": "SELECT user_challenge_progress.id AS user_challenge_progress_id, user_challenge_progress.user_id AS user_challenge_progress_user_id, user_challenge_progress.challenge_id AS user_challenge_progress_challenge_id, user_challenge_progress.completed_questions AS user_challenge_progress_completed_questions, user_challenge_progress.is_completed AS user_challenge_progress_is_completed, user_challenge_progress.xp_awarded AS user_challenge_progress_xp_awarded, user_challenge_progress.completed_at AS user_challenge_progress_completed_at, user_challenge_progress.created_at AS user_challenge_progress_created_at, user_challenge_progress.updated_at AS user_challenge_progress_updated_at \nFROM user_challenge_progress \nWHERE user_challenge_progress.user_id = ? AND user_challenge_progress.challenge_id = ?\n LIMIT ? OFFSET ?", "timestamp": "2026-03-03T20:45:59.661226Z", "logger": "sqlalchemy.engine.Engine", "module": "base", "function": "_execute_context", "line": 1846}
{"level": "INFO", "message": "[cached since 3.818s ago] (1, 11, 1, 0)", "timestamp": "2026-03-03T20:45:59.661337Z", "logger": "sqlalchemy.engine.Engine", "module": "base", "function": "_execute_context", "line": 1846}
{"level": "INFO", "message": "SELECT questions.id AS questions_id, questions.prompt AS questions_prompt, questions.choices AS questions_choices, questions.answer_index AS questions_answer_index, questions.difficulty_level AS questions_difficulty_level, questions.created_by AS questions_created_by, questions.created_at AS questions_created_at, questions.updated_at AS questions_updated_at \nFROM questions \nWHERE questions.id = ?\n LIMIT ? OFFSET ?", "timestamp": "2026-03-03T20:45:59.661681Z", "logger": "sqlalchemy.engine.Engine", "module": "base", "function": "_execute_context", "line": 1846}
{"level": "INFO", "message": "[cached since 3.817s ago] (3, 1, 0)", "timestamp": "2026-03-03T20:45:59.661808Z", "logger": "sqlalchemy.engine.Engine", "module": "base", "function": "_execute_context", "line": 1846}
{"level": "INFO", "message": "SELECT questions.id AS questions_id, questions.prompt AS questions_prompt, questions.choices AS questions_choices, questions.answer_index AS questions_answer_index, questions.difficulty_level AS questions_difficulty_level, questions.created_by AS questions_created_by, questions.created_at AS questions_created_at, questions.updated_at AS questions_updated_at \nFROM questions \nWHERE questions.id = ?\n LIMIT ? OFFSET ?", "timestamp": "2026-03-03T20:45:59.662187Z", "logger": "sqlalchemy.engine.Engine", "module": "base", "function": "_execute_context", "line": 1846}
{"level": "INFO", "message": "[cached since 3.818s ago] (4, 1, 0)", "timestamp": "2026-03-03T20:45:59.662316Z", "logger": "sqlalchemy.engine.Engine", "module": "base", "function": "_execute_context", "line": 1846}
{"level": "INFO", "message": "SELECT questions.id AS questions_id, questions.prompt AS questions_prompt, questions.choices AS questions_choices, questions.answer_index AS questions_answer_index, questions.difficulty_level AS questions_difficulty_level, questions.created_by AS questions_created_by, questions.created_at AS questions_created_at, questions.updated_at AS questions_updated_at \nFROM questions \nWHERE questions.id = ?\n LIMIT ? OFFSET ?", "timestamp": "2026-03-03T20:45:59.662740Z", "logger": "sqlalchemy.engine.Engine", "module": "base", "function": "_execute_context", "line": 1846}
{"level": "INFO", "message": "[cached since 3.818s ago] (2, 1, 0)", "timestamp": "2026-03-03T20:45:59.662849Z", "logger": "sqlalchemy.engine.Engine", "module": "base", "function": "_execute_context", "line": 1846}
{"level": "INFO", "message": "SELECT questions.id AS questions_id, questions.prompt AS questions_prompt, questions.choices AS questions_choices, questions.answer_index AS questions_answer_index, questions.difficulty_level AS questions_difficulty_level, questions.created_by AS questions_created_by, questions.created_at AS questions_created_at, questions.updated_at AS questions_updated_at \nFROM questions \nWHERE questions.id = ?\n LIMIT ? OFFSET ?", "timestamp": "2026-03-03T20:45:59.663227Z", "logger": "sqlalchemy.engine.Engine", "module": "base", "function": "_execute_context", "line": 1846}
{"level": "INFO", "message": "[cached since 3.819s ago] (7, 1, 0)", "timestamp": "2026-03-03T20:45:59.663374Z", "logger": "sqlalchemy.engine.Engine", "module": "base", "function": "_execute_context", "line": 1846}
{"level": "INFO", "message": "SELECT questions.id AS questions_id, questions.prompt AS questions_prompt, questions.choices AS questions_choices, questions.answer_index AS questions_answer_index, questions.difficulty_level AS questions_difficulty_level, questions.created_by AS questions_created_by, questions.created_at AS questions_created_at, questions.updated_at AS questions_updated_at \nFROM questions \nWHERE questions.id = ?\n LIMIT ? OFFSET ?", "timestamp": "2026-03-03T20:45:59.664022Z", "logger": "sqlalchemy.engine.Engine", "module": "base", "function": "_execute_context", "line": 1846}
{"level": "INFO", "message": "[cached since 3.82s ago] (1, 1, 0)", "timestamp": "2026-03-03T20:45:59.664201Z", "logger": "sqlalchemy.engine.Engine", "module": "base", "function": "_execute_context", "line": 1846}
{"level": "INFO", "message": "ROLLBACK", "timestamp": "2026-03-03T20:45:59.665482Z", "logger": "sqlalchemy.engine.Engine", "module": "base", "function": "_connection_rollback_impl", "line": 2704}
{"level": "INFO", "message": "Request completed: GET /api/v1/challenge/daily - 200", "timestamp": "2026-03-03T20:45:59.666315Z", "logger": "app.presentation.middleware.auth_middleware", "module": "auth_middleware", "function": "dispatch", "line": 39, "request_id": "d43c766b", "extra_data": {"status_code": 200}}
{"level": "INFO", "message": "Request started: GET /api/v1/challenge/daily", "timestamp": "2026-03-03T20:46:00.115879Z", "logger": "app.presentation.middleware.auth_middleware", "module": "auth_middleware", "function": "dispatch", "line": 30, "request_id": "e9682d14"}
{"level": "INFO", "message": "BEGIN (implicit)", "timestamp": "2026-03-03T20:46:00.117481Z", "logger": "sqlalchemy.engine.Engine", "module": "base", "function": "_connection_begin_impl", "line": 2701}
{"level": "INFO", "message": "SELECT users.id AS users_id, users.email AS users_email, users.username AS users_username, users.hashed_password AS users_hashed_password, users.full_name AS users_full_name, users.role AS users_role, users.is_active AS users_is_active, users.is_verified AS users_is_verified, users.subscription_type AS users_subscription_type, users.total_xp AS users_total_xp, users.challenge_streak AS users_challenge_streak, users.longest_challenge_streak AS users_longest_challenge_streak, users.created_at AS users_created_at, users.updated_at AS users_updated_at, users.last_login AS users_last_login \nFROM users \nWHERE users.id = ?\n LIMIT ? OFFSET ?", "timestamp": "2026-03-03T20:46:00.117830Z", "logger": "sqlalchemy.engine.Engine", "module": "base", "function": "_execute_context", "line": 1846}
{"level": "INFO", "message": "[cached since 34.23s ago] (1, 1, 0)", "timestamp": "2026-03-03T20:46:00.117954Z", "logger": "sqlalchemy.engine.Engine", "module": "base", "function": "_execute_context", "line": 1846}
{"level": "INFO", "message": "SELECT users.id AS users_id, users.email AS users_email, users.username AS users_username, users.hashed_password AS users_hashed_password, users.full_name AS users_full_name, users.role AS users_role, users.is_active AS users_is_active, users.is_verified AS users_is_verified, users.subscription_type AS users_subscription_type, users.total_xp AS users_total_xp, users.challenge_streak AS users_challenge_streak, users.longest_challenge_streak AS users_longest_challenge_streak, users.created_at AS users_created_at, users.updated_at AS users_updated_at, users.last_login AS users_last_login \nFROM users \nWHERE users.id = ?\n LIMIT ? OFFSET ?", "timestamp": "2026-03-03T20:46:00.118701Z", "logger": "sqlalchemy.engine.Engine", "module": "base", "function": "_execute_context", "line": 1846}
{"level": "INFO", "message": "[cached since 34.23s ago] (1, 1, 0)", "timestamp": "2026-03-03T20:46:00.118844Z", "logger": "sqlalchemy.engine.Engine", "module": "base", "function": "_execute_context", "line": 1846}
{"level": "INFO", "message": "SELECT daily_challenges.id AS daily_challenges_id, daily_challenges.challenge_date AS daily_challenges_challenge_date, daily_challenges.question_ids AS daily_challenges_question_ids, daily_challenges.created_at AS daily_challenges_created_at \nFROM daily_challenges \nWHERE daily_challenges.challenge_date = ?\n LIMIT ? OFFSET ?", "timestamp": "2026-03-03T20:46:00.119508Z", "logger": "sqlalchemy.engine.Engine", "module": "base", "function": "_execute_context", "line": 1846}
{"level": "INFO", "message": "[cached since 4.288s ago] ('2026-03-02 21:00:00.000000', 1, 0)", "timestamp": "2026-03-03T20:46:00.119631Z", "logger": "sqlalchemy.engine.Engine", "module": "base", "function": "_execute_context", "line": 1846}
{"level": "INFO", "message": "SELECT user_challenge_progress.id AS user_challenge_progress_id, user_challenge_progress.user_id AS user_challenge_progress_user_id, user_challenge_progress.challenge_id AS user_challenge_progress_challenge_id, user_challenge_progress.completed_questions AS user_challenge_progress_completed_questions, user_challenge_progress.is_completed AS user_challenge_progress_is_completed, user_challenge_progress.xp_awarded AS user_challenge_progress_xp_awarded, user_challenge_progress.completed_at AS user_challenge_progress_completed_at, user_challenge_progress.created_at AS user_challenge_progress_created_at, user_challenge_progress.updated_at AS user_challenge_progress_updated_at \nFROM user_challenge_progress \nWHERE user_challenge_progress.user_id = ? AND user_challenge_progress.challenge_id = ?\n LIMIT ? OFFSET ?", "timestamp": "2026-03-03T20:46:00.120080Z", "logger": "sqlalchemy.engine.Engine", "module": "base", "function": "_execute_context", "line": 1846}
{"level": "INFO", "message": "[cached since 4.277s ago] (1, 11, 1, 0)", "timestamp": "2026-03-03T20:46:00.120213Z", "logger": "sqlalchemy.engine.Engine", "module": "base", "function": "_execute_context", "line": 1846}
{"level": "INFO", "message": "SELECT questions.id AS questions_id, questions.prompt AS questions_prompt, questions.choices AS questions_choices, questions.answer_index AS questions_answer_index, questions.difficulty_level AS questions_difficulty_level, questions.created_by AS questions_created_by, questions.created_at AS questions_created_at, questions.updated_at AS questions_updated_at \nFROM questions \nWHERE questions.id = ?\n LIMIT ? OFFSET ?", "timestamp": "2026-03-03T20:46:00.120635Z", "logger": "sqlalchemy.engine.Engine", "module": "base", "function": "_execute_context", "line": 1846}
{"level": "INFO", "message": "[cached since 4.276s ago] (3, 1, 0)", "timestamp": "2026-03-03T20:46:00.120777Z", "logger": "sqlalchemy.engine.Engine", "module": "base", "function": "_execute_context", "line": 1846}
{"level": "INFO", "message": "SELECT questions.id AS questions_id, questions.prompt AS questions_prompt, questions.choices AS questions_choices, questions.answer_index AS questions_answer_index, questions.difficulty_level AS questions_difficulty_level, questions.created_by AS questions_created_by, questions.created_at AS questions_created_at, questions.updated_at AS questions_updated_at \nFROM questions \nWHERE questions.id = ?\n LIMIT ? OFFSET ?", "timestamp": "2026-03-03T20:46:00.121312Z", "logger": "sqlalchemy.engine.Engine", "module": "base", "function": "_execute_context", "line": 1846}
{"level": "INFO", "message": "[cached since 4.277s ago] (4, 1, 0)", "timestamp": "2026-03-03T20:46:00.121487Z", "logger": "sqlalchemy.engine.Engine", "module": "base", "function": "_execute_context", "line": 1846}
{"level": "INFO", "message": "SELECT questions.id AS questions_id, questions.prompt AS questions_prompt, questions.choices AS questions_choices, questions.answer_index AS questions_answer_index, questions.difficulty_level AS questions_difficulty_level, questions.created_by AS questions_created_by, questions.created_at AS questions_created_at, questions.updated_at AS questions_updated_at \nFROM questions \nWHERE questions.id = ?\n LIMIT ? OFFSET ?", "timestamp": "2026-03-03T20:46:00.122352Z", "logger": "sqlalchemy.engine.Engine", "module": "base", "function": "_execute_context", "line": 1846}
{"level": "INFO", "message": "[cached since 4.278s ago] (2, 1, 0)", "timestamp": "2026-03-03T20:46:00.122602Z", "logger": "sqlalchemy.engine.Engine", "module": "base", "function": "_execute_context", "line": 1846}
{"level": "INFO", "message": "SELECT questions.id AS questions_id, questions.prompt AS questions_prompt, questions.choices AS questions_choices, questions.answer_index AS questions_answer_index, questions.difficulty_level AS questions_difficulty_level, questions.created_by AS questions_created_by, questions.created_at AS questions_created_at, questions.updated_at AS questions_updated_at \nFROM questions \nWHERE questions.id = ?\n LIMIT ? OFFSET ?", "timestamp": "2026-03-03T20:46:00.123405Z", "logger": "sqlalchemy.engine.Engine", "module": "base", "function": "_execute_context", "line": 1846}
{"level": "INFO", "message": "[cached since 4.279s ago] (7, 1, 0)", "timestamp": "2026-03-03T20:46:00.123587Z", "logger": "sqlalchemy.engine.Engine", "module": "base", "function": "_execute_context", "line": 1846}
{"level": "INFO", "message": "SELECT questions.id AS questions_id, questions.prompt AS questions_prompt, questions.choices AS questions_choices, questions.answer_index AS questions_answer_index, questions.difficulty_level AS questions_difficulty_level, questions.created_by AS questions_created_by, questions.created_at AS questions_created_at, questions.updated_at AS questions_updated_at \nFROM questions \nWHERE questions.id = ?\n LIMIT ? OFFSET ?", "timestamp": "2026-03-03T20:46:00.124302Z", "logger": "sqlalchemy.engine.Engine", "module": "base", "function": "_execute_context", "line": 1846}
{"level": "INFO", "message": "[cached since 4.28s ago] (1, 1, 0)", "timestamp": "2026-03-03T20:46:00.124536Z", "logger": "sqlalchemy.engine.Engine", "module": "base", "function": "_execute_context", "line": 1846}
{"level": "INFO", "message": "ROLLBACK", "timestamp": "2026-03-03T20:46:00.125878Z", "logger": "sqlalchemy.engine.Engine", "module": "base", "function": "_connection_rollback_impl", "line": 2704}
{"level": "INFO", "message": "Request completed: GET /api/v1/challenge/daily - 200", "timestamp": "2026-03-03T20:46:00.126886Z", "logger": "app.presentation.middleware.auth_middleware", "module": "auth_middleware", "function": "dispatch", "line": 39, "request_id": "e9682d14", "extra_data": {"status_code": 200}}
{"level": "INFO", "message": "Request started: GET /api/v1/challenge/daily", "timestamp": "2026-03-03T20:46:00.288557Z", "logger": "app.presentation.middleware.auth_middleware", "module": "auth_middleware", "function": "dispatch", "line": 30, "request_id": "1946656d"}
{"level": "INFO", "message": "BEGIN (implicit)", "timestamp": "2026-03-03T20:46:00.290391Z", "logger": "sqlalchemy.engine.Engine", "module": "base", "function": "_connection_begin_impl", "line": 2701}
{"level": "INFO", "message": "SELECT users.id AS users_id, users.email AS users_email, users.username AS users_username, users.hashed_password AS users_hashed_password, users.full_name AS users_full_name, users.role AS users_role, users.is_active AS users_is_active, users.is_verified AS users_is_verified, users.subscription_type AS users_subscription_type, users.total_xp AS users_total_xp, users.challenge_streak AS users_challenge_streak, users.longest_challenge_streak AS users_longest_challenge_streak, users.created_at AS users_created_at, users.updated_at AS users_updated_at, users.last_login AS users_last_login \nFROM users \nWHERE users.id = ?\n LIMIT ? OFFSET ?", "timestamp": "2026-03-03T20:46:00.290951Z", "logger": "sqlalchemy.engine.Engine", "module": "base", "function": "_execute_context", "line": 1846}
{"level": "INFO", "message": "[cached since 34.41s ago] (1, 1, 0)", "timestamp": "2026-03-03T20:46:00.291121Z", "logger": "sqlalchemy.engine.Engine", "module": "base", "function": "_execute_context", "line": 1846}
{"level": "INFO", "message": "SELECT users.id AS users_id, users.email AS users_email, users.username AS users_username, users.hashed_password AS users_hashed_password, users.full_name AS users_full_name, users.role AS users_role, users.is_active AS users_is_active, users.is_verified AS users_is_verified, users.subscription_type AS users_subscription_type, users.total_xp AS users_total_xp, users.challenge_streak AS users_challenge_streak, users.longest_challenge_streak AS users_longest_challenge_streak, users.created_at AS users_created_at, users.updated_at AS users_updated_at, users.last_login AS users_last_login \nFROM users \nWHERE users.id = ?\n LIMIT ? OFFSET ?", "timestamp": "2026-03-03T20:46:00.292184Z", "logger": "sqlalchemy.engine.Engine", "module": "base", "function": "_execute_context", "line": 1846}
{"level": "INFO", "message": "[cached since 34.41s ago] (1, 1, 0)", "timestamp": "2026-03-03T20:46:00.292361Z", "logger": "sqlalchemy.engine.Engine", "module": "base", "function": "_execute_context", "line": 1846}
{"level": "INFO", "message": "SELECT daily_challenges.id AS daily_challenges_id, daily_challenges.challenge_date AS daily_challenges_challenge_date, daily_challenges.question_ids AS daily_challenges_question_ids, daily_challenges.created_at AS daily_challenges_created_at \nFROM daily_challenges \nWHERE daily_challenges.challenge_date = ?\n LIMIT ? OFFSET ?", "timestamp": "2026-03-03T20:46:00.293411Z", "logger": "sqlalchemy.engine.Engine", "module": "base", "function": "_execute_context", "line": 1846}
{"level": "INFO", "message": "[cached since 4.462s ago] ('2026-03-02 21:00:00.000000', 1, 0)", "timestamp": "2026-03-03T20:46:00.293672Z", "logger": "sqlalchemy.engine.Engine", "module": "base", "function": "_execute_context", "line": 1846}
{"level": "INFO", "message": "SELECT user_challenge_progress.id AS user_challenge_progress_id, user_challenge_progress.user_id AS user_challenge_progress_user_id, user_challenge_progress.challenge_id AS user_challenge_progress_challenge_id, user_challenge_progress.completed_questions AS user_challenge_progress_completed_questions, user_challenge_progress.is_completed AS user_challenge_progress_is_completed, user_challenge_progress.xp_awarded AS user_challenge_progress_xp_awarded, user_challenge_progress.completed_at AS user_challenge_progress_completed_at, user_challenge_progress.created_at AS user_challenge_progress_created_at, user_challenge_progress.updated_at AS user_challenge_progress_updated_at \nFROM user_challenge_progress \nWHERE user_challenge_progress.user_id = ? AND user_challenge_progress.challenge_id = ?\n LIMIT ? OFFSET ?", "timestamp": "2026-03-03T20:46:00.294449Z", "logger": "sqlalchemy.engine.Engine", "module": "base", "function": "_execute_context", "line": 1846}
{"level": "INFO", "message": "[cached since 4.452s ago] (1, 11, 1, 0)", "timestamp": "2026-03-03T20:46:00.294607Z", "logger": "sqlalchemy.engine.Engine", "module": "base", "function": "_execute_context", "line": 1846}
{"level": "INFO", "message": "SELECT questions.id AS questions_id, questions.prompt AS questions_prompt, questions.choices AS questions_choices, questions.answer_index AS questions_answer_index, questions.difficulty_level AS questions_difficulty_level, questions.created_by AS questions_created_by, questions.created_at AS questions_created_at, questions.updated_at AS questions_updated_at \nFROM questions \nWHERE questions.id = ?\n LIMIT ? OFFSET ?", "timestamp": "2026-03-03T20:46:00.295128Z", "logger": "sqlalchemy.engine.Engine", "module": "base", "function": "_execute_context", "line": 1846}
{"level": "INFO", "message": "[cached since 4.451s ago] (3, 1, 0)", "timestamp": "2026-03-03T20:46:00.295261Z", "logger": "sqlalchemy.engine.Engine", "module": "base", "function": "_execute_context", "line": 1846}
{"level": "INFO", "message": "SELECT questions.id AS questions_id, questions.prompt AS questions_prompt, questions.choices AS questions_choices, questions.answer_index AS questions_answer_index, questions.difficulty_level AS questions_difficulty_level, questions.created_by AS questions_created_by, questions.created_at AS questions_created_at, questions.updated_at AS questions_updated_at \nFROM questions \nWHERE questions.id = ?\n LIMIT ? OFFSET ?", "timestamp": "2026-03-03T20:46:00.295750Z", "logger": "sqlalchemy.engine.Engine", "module": "base", "function": "_execute_context", "line": 1846}
{"level": "INFO", "message": "[cached since 4.451s ago] (4, 1, 0)", "timestamp": "2026-03-03T20:46:00.295896Z", "logger": "sqlalchemy.engine.Engine", "module": "base", "function": "_execute_context", "line": 1846}
{"level": "INFO", "message": "SELECT questions.id AS questions_id, questions.prompt AS questions_prompt, questions.choices AS questions_choices, questions.answer_index AS questions_answer_index, questions.difficulty_level AS questions_difficulty_level, questions.created_by AS questions_created_by, questions.created_at AS questions_created_at, questions.updated_at AS questions_updated_at \nFROM questions \nWHERE questions.id = ?\n LIMIT ? OFFSET ?", "timestamp": "2026-03-03T20:46:00.296436Z", "logger": "sqlalchemy.engine.Engine", "module": "base", "function": "_execute_context", "line": 1846}
{"level": "INFO", "message": "[cached since 4.452s ago] (2, 1, 0)", "timestamp": "2026-03-03T20:46:00.296657Z", "logger": "sqlalchemy.engine.Engine", "module": "base", "function": "_execute_context", "line": 1846}
{"level": "INFO", "message": "SELECT questions.id AS questions_id, questions.prompt AS questions_prompt, questions.choices AS questions_choices, questions.answer_index AS questions_answer_index, questions.difficulty_level AS questions_difficulty_level, questions.created_by AS questions_created_by, questions.created_at AS questions_created_at, questions.updated_at AS questions_updated_at \nFROM questions \nWHERE questions.id = ?\n LIMIT ? OFFSET ?", "timestamp": "2026-03-03T20:46:00.297389Z", "logger": "sqlalchemy.engine.Engine", "module": "base", "function": "_execute_context", "line": 1846}
{"level": "INFO", "message": "[cached since 4.453s ago] (7, 1, 0)", "timestamp": "2026-03-03T20:46:00.297629Z", "logger": "sqlalchemy.engine.Engine", "module": "base", "function": "_execute_context", "line": 1846}
{"level": "INFO", "message": "SELECT questions.id AS questions_id, questions.prompt AS questions_prompt, questions.choices AS questions_choices, questions.answer_index AS questions_answer_index, questions.difficulty_level AS questions_difficulty_level, questions.created_by AS questions_created_by, questions.created_at AS questions_created_at, questions.updated_at AS questions_updated_at \nFROM questions \nWHERE questions.id = ?\n LIMIT ? OFFSET ?", "timestamp": "2026-03-03T20:46:00.298215Z", "logger": "sqlalchemy.engine.Engine", "module": "base", "function": "_execute_context", "line": 1846}
{"level": "INFO", "message": "[cached since 4.454s ago] (1, 1, 0)", "timestamp": "2026-03-03T20:46:00.298356Z", "logger": "sqlalchemy.engine.Engine", "module": "base", "function": "_execute_context", "line": 1846}
{"level": "INFO", "message": "ROLLBACK", "timestamp": "2026-03-03T20:46:00.299282Z", "logger": "sqlalchemy.engine.Engine", "module": "base", "function": "_connection_rollback_impl", "line": 2704}
{"level": "INFO", "message": "Request completed: GET /api/v1/challenge/daily - 200", "timestamp": "2026-03-03T20:46:00.299947Z", "logger": "app.presentation.middleware.auth_middleware", "module": "auth_middleware", "function": "dispatch", "line": 39, "request_id": "1946656d", "extra_data": {"status_code": 200}}
